disengaged,CT,binMeans,eventpos
0,1,1.5,1
0,2,2.5,2
0,1,1.5,3
0,1,1.5,4
0,1,1.5,5
0,1,1.5,6
0,2,2.5,7
0,1,1.5,8
0,2,2.5,9
0,1,1.5,10
0,1,1.5,11
0,2,2.5,12
1,3,9.5,13
0,1,1.5,1
0,2,2.5,2
0,3,9.5,3
0,1,1.5,4
0,2,2.5,5
0,1,1.5,6
0,1,1.5,7
0,2,2.5,8
0,1,1.5,9
0,1,1.5,10
0,2,2.5,11
0,3,9.5,12
0,1,1.5,13
0,1,1.5,14
0,2,2.5,15
0,3,9.5,16
1,1,1.5,17
0,1,1.5,1
0,2,2.5,2
0,3,9.5,3
0,4,9.5,4
0,5,9.5,5
1,6,9.5,6
0,1,1.5,1
0,2,2.5,2
0,3,9.5,3
0,1,1.5,4
0,1,1.5,5
0,2,2.5,6
1,3,9.5,7
0,1,1.5,1
0,2,2.5,2
0,3,9.5,3
0,4,9.5,4
0,5,9.5,5
0,6,9.5,6
1,7,9.5,7
0,1,1.5,1
0,2,2.5,2
0,3,9.5,3
1,4,9.5,4
0,1,1.5,1
0,2,2.5,2
0,3,9.5,3
0,4,9.5,4
0,5,9.5,5
0,6,9.5,6
0,7,9.5,7
1,8,9.5,8
0,1,1.5,1
0,2,2.5,2
0,3,9.5,3
1,4,9.5,4
0,1,1.5,1
0,2,2.5,2
1,3,9.5,3
0,1,1.5,1
0,2,2.5,2
0,3,9.5,3
0,1,1.5,4
0,1,1.5,5
0,2,2.5,6
0,1,1.5,7
0,1,1.5,8
0,2,2.5,9
0,3,9.5,10
0,1,1.5,11
0,1,1.5,12
0,1,1.5,13
0,1,1.5,14
0,2,2.5,15
0,1,1.5,16
0,1,1.5,17
0,1,1.5,18
0,2,2.5,19
0,1,1.5,20
0,2,2.5,21
0,3,9.5,22
1,1,1.5,23
0,1,1.5,1
0,2,2.5,2
0,3,9.5,3
0,1,1.5,4
0,1,1.5,5
0,2,2.5,6
0,3,9.5,7
0,4,9.5,8
0,5,9.5,9
0,1,1.5,10
0,1,1.5,11
0,2,2.5,12
0,3,9.5,13
0,4,9.5,14
1,1,1.5,15
0,1,1.5,1
0,2,2.5,2
0,3,9.5,3
0,4,9.5,4
1,5,9.5,5
0,1,1.5,1
0,2,2.5,2
0,3,9.5,3
0,1,1.5,4
0,2,2.5,5
0,1,1.5,6
0,1,1.5,7
0,2,2.5,8
0,1,1.5,9
0,1,1.5,10
0,1,1.5,11
0,1,1.5,12
0,2,2.5,13
0,1,1.5,14
0,1,1.5,15
1,1,1.5,16
0,1,1.5,1
0,2,2.5,2
0,1,1.5,3
0,2,2.5,4
0,3,9.5,5
1,4,9.5,6
0,1,1.5,1
0,2,2.5,2
0,3,9.5,3
0,4,9.5,4
0,5,9.5,5
0,6,9.5,6
0,7,9.5,7
0,8,9.5,8
1,9,9.5,9
0,1,1.5,1
0,2,2.5,2
0,1,1.5,3
0,1,1.5,4
0,2,2.5,5
0,1,1.5,6
0,1,1.5,7
0,2,2.5,8
0,3,9.5,9
0,4,9.5,10
0,1,1.5,11
0,1,1.5,12
0,1,1.5,13
0,1,1.5,14
1,1,1.5,15
0,1,1.5,1
0,2,2.5,2
0,1,1.5,3
0,1,1.5,4
0,1,1.5,5
0,1,1.5,6
0,2,2.5,7
0,1,1.5,8
0,1,1.5,9
0,2,2.5,10
0,1,1.5,11
0,1,1.5,12
1,2,2.5,13
0,1,1.5,1
0,2,2.5,2
0,3,9.5,3
0,1,1.5,4
0,2,2.5,5
0,1,1.5,6
0,1,1.5,7
0,2,2.5,8
0,1,1.5,9
0,1,1.5,10
1,2,2.5,11
0,1,1.5,1
0,2,2.5,2
0,3,9.5,3
1,4,9.5,4
0,1,1.5,1
0,2,2.5,2
0,1,1.5,3
0,1,1.5,4
0,1,1.5,5
0,1,1.5,6
0,2,2.5,7
0,3,9.5,8
1,4,9.5,9
0,1,1.5,1
0,2,2.5,2
0,1,1.5,3
0,1,1.5,4
0,1,1.5,5
0,1,1.5,6
0,1,1.5,7
0,1,1.5,8
0,1,1.5,9
1,1,1.5,10
0,1,1.5,1
0,2,2.5,2
0,1,1.5,3
0,2,2.5,4
0,3,9.5,5
0,4,9.5,6
0,5,9.5,7
0,1,1.5,8
0,1,1.5,9
0,2,2.5,10
0,1,1.5,11
0,1,1.5,12
0,2,2.5,13
0,1,1.5,14
1,2,2.5,15
0,1,1.5,1
0,2,2.5,2
0,3,9.5,3
1,4,9.5,4
0,1,1.5,1
0,2,2.5,2
0,3,9.5,3
0,4,9.5,4
1,5,9.5,5
0,1,1.5,1
0,2,2.5,2
0,3,9.5,3
0,1,1.5,4
0,2,2.5,5
0,1,1.5,6
0,2,2.5,7
0,3,9.5,8
0,1,1.5,9
0,1,1.5,10
0,2,2.5,11
0,3,9.5,12
0,4,9.5,13
1,5,9.5,14
0,1,1.5,1
0,2,2.5,2
0,3,9.5,3
1,4,9.5,4
0,1,1.5,1
0,2,2.5,2
0,3,9.5,3
1,4,9.5,4
0,1,1.5,1
0,2,2.5,2
0,1,1.5,3
0,1,1.5,4
0,1,1.5,5
0,1,1.5,6
0,1,1.5,7
0,2,2.5,8
0,1,1.5,9
0,2,2.5,10
0,1,1.5,11
0,1,1.5,12
0,1,1.5,13
0,1,1.5,14
0,2,2.5,15
0,1,1.5,16
0,1,1.5,17
0,2,2.5,18
1,3,9.5,19
0,1,1.5,1
0,2,2.5,2
0,3,9.5,3
0,1,1.5,4
0,2,2.5,5
0,1,1.5,6
1,1,1.5,7
0,1,1.5,1
0,2,2.5,2
0,3,9.5,3
0,4,9.5,4
0,5,9.5,5
1,6,9.5,6
0,1,1.5,1
0,2,2.5,2
1,3,9.5,3
0,1,1.5,1
0,2,2.5,2
0,3,9.5,3
0,4,9.5,4
1,5,9.5,5
0,1,1.5,1
1,2,2.5,2
0,1,1.5,1
0,2,2.5,2
1,3,9.5,3
0,1,1.5,1
0,2,2.5,2
0,1,1.5,3
1,2,2.5,4
0,1,1.5,1
0,2,2.5,2
0,3,9.5,3
0,1,1.5,4
0,1,1.5,5
0,2,2.5,6
0,3,9.5,7
1,4,9.5,8
0,1,1.5,1
0,2,2.5,2
1,3,9.5,3
0,1,1.5,1
0,2,2.5,2
1,3,9.5,3
1,1,1.5,1
0,1,1.5,1
0,2,2.5,2
0,1,1.5,3
0,2,2.5,4
0,3,9.5,5
1,4,9.5,6
0,1,1.5,1
0,2,2.5,2
1,3,9.5,3
0,1,1.5,1
0,2,2.5,2
0,1,1.5,3
0,2,2.5,4
0,3,9.5,5
0,4,9.5,6
0,5,9.5,7
0,6,9.5,8
1,7,9.5,9
0,1,1.5,1
0,2,2.5,2
1,3,9.5,3
0,1,1.5,1
0,2,2.5,2
0,1,1.5,3
0,1,1.5,4
0,1,1.5,5
0,1,1.5,6
0,1,1.5,7
0,1,1.5,8
0,1,1.5,9
1,1,1.5,10
0,1,1.5,1
0,2,2.5,2
0,3,9.5,3
0,4,9.5,4
1,5,9.5,5
0,1,1.5,1
0,2,2.5,2
0,1,1.5,3
0,1,1.5,4
0,1,1.5,5
0,1,1.5,6
0,2,2.5,7
0,1,1.5,8
0,2,2.5,9
0,1,1.5,10
0,1,1.5,11
0,2,2.5,12
0,3,9.5,13
0,1,1.5,14
1,1,1.5,15
0,1,1.5,1
0,2,2.5,2
0,3,9.5,3
0,1,1.5,4
0,1,1.5,5
0,2,2.5,6
0,1,1.5,7
0,1,1.5,8
0,2,2.5,9
0,3,9.5,10
0,1,1.5,11
1,1,1.5,12
0,1,1.5,1
0,2,2.5,2
0,1,1.5,3
1,1,1.5,4
0,1,1.5,1
0,2,2.5,2
1,3,9.5,3
0,1,1.5,1
0,2,2.5,2
0,3,9.5,3
0,1,1.5,4
0,1,1.5,5
0,2,2.5,6
0,1,1.5,7
1,1,1.5,8
0,1,1.5,1
0,2,2.5,2
1,3,9.5,3
0,1,1.5,1
0,2,2.5,2
0,1,1.5,3
0,1,1.5,4
0,1,1.5,5
0,1,1.5,6
0,2,2.5,7
1,3,9.5,8
0,1,1.5,1
0,2,2.5,2
0,3,9.5,3
0,1,1.5,4
0,1,1.5,5
0,2,2.5,6
0,3,9.5,7
0,4,9.5,8
0,1,1.5,9
1,2,2.5,10
0,1,1.5,1
0,2,2.5,2
0,3,9.5,3
0,4,9.5,4
0,5,9.5,5
0,6,9.5,6
0,7,9.5,7
0,8,9.5,8
0,9,9.5,9
0,10,9.5,10
0,11,9.5,11
0,12,9.5,12
0,13,9.5,13
1,14,9.5,14
0,1,1.5,1
0,2,2.5,2
0,3,9.5,3
0,1,1.5,4
0,2,2.5,5
0,1,1.5,6
0,1,1.5,7
0,2,2.5,8
1,1,1.5,9
0,1,1.5,1
0,2,2.5,2
0,1,1.5,3
0,1,1.5,4
0,1,1.5,5
0,1,1.5,6
0,2,2.5,7
0,1,1.5,8
0,2,2.5,9
0,1,1.5,10
1,1,1.5,11
0,1,1.5,1
0,2,2.5,2
0,3,9.5,3
0,4,9.5,4
0,5,9.5,5
0,6,9.5,6
0,7,9.5,7
0,8,9.5,8
0,9,9.5,9
1,10,9.5,10
0,1,1.5,1
0,2,2.5,2
0,1,1.5,3
0,1,1.5,4
0,2,2.5,5
0,1,1.5,6
0,1,1.5,7
0,2,2.5,8
0,3,9.5,9
0,4,9.5,10
0,1,1.5,11
0,1,1.5,12
0,1,1.5,13
0,1,1.5,14
0,1,1.5,15
0,2,2.5,16
0,3,9.5,17
0,4,9.5,18
1,1,1.5,19
0,1,1.5,1
0,2,2.5,2
0,3,9.5,3
0,1,1.5,4
0,1,1.5,5
0,2,2.5,6
0,3,9.5,7
0,1,1.5,8
0,1,1.5,9
0,1,1.5,10
0,1,1.5,11
0,1,1.5,12
1,1,1.5,13
0,1,1.5,1
0,2,2.5,2
0,3,9.5,3
0,4,9.5,4
0,5,9.5,5
0,6,9.5,6
0,7,9.5,7
0,8,9.5,8
0,9,9.5,9
0,10,9.5,10
0,11,9.5,11
1,12,9.5,12
0,1,1.5,1
0,2,2.5,2
0,3,9.5,3
0,4,9.5,4
0,5,9.5,5
0,6,9.5,6
0,7,9.5,7
0,8,9.5,8
0,9,9.5,9
1,10,9.5,10
0,1,1.5,1
0,2,2.5,2
0,3,9.5,3
0,4,9.5,4
0,5,9.5,5
0,6,9.5,6
0,7,9.5,7
0,8,9.5,8
0,9,9.5,9
0,10,9.5,10
1,11,9.5,11
0,1,1.5,1
0,2,2.5,2
0,1,1.5,3
0,1,1.5,4
0,1,1.5,5
0,1,1.5,6
0,1,1.5,7
0,2,2.5,8
0,1,1.5,9
0,2,2.5,10
0,1,1.5,11
0,1,1.5,12
0,1,1.5,13
0,1,1.5,14
1,2,2.5,15
0,1,1.5,1
0,2,2.5,2
0,3,9.5,3
0,4,9.5,4
0,5,9.5,5
0,6,9.5,6
0,7,9.5,7
0,8,9.5,8
0,9,9.5,9
0,10,9.5,10
0,11,9.5,11
0,12,9.5,12
0,13,9.5,13
0,14,9.5,14
1,15,9.5,15
0,1,1.5,1
0,2,2.5,2
0,3,9.5,3
0,4,9.5,4
0,5,9.5,5
0,6,9.5,6
0,7,9.5,7
0,8,9.5,8
0,9,9.5,9
0,10,9.5,10
0,11,9.5,11
0,12,9.5,12
0,13,9.5,13
0,14,9.5,14
1,15,9.5,15
0,1,1.5,1
0,2,2.5,2
0,3,9.5,3
0,4,9.5,4
0,5,9.5,5
0,6,9.5,6
0,7,9.5,7
0,8,9.5,8
0,9,9.5,9
0,10,9.5,10
0,11,9.5,11
0,12,9.5,12
0,13,9.5,13
0,14,9.5,14
1,15,9.5,15
0,1,1.5,1
0,2,2.5,2
0,3,9.5,3
0,4,9.5,4
0,5,9.5,5
0,6,9.5,6
0,7,9.5,7
0,8,9.5,8
0,9,9.5,9
0,10,9.5,10
0,11,9.5,11
1,12,9.5,12
0,1,1.5,1
0,2,2.5,2
0,1,1.5,3
0,1,1.5,4
0,1,1.5,5
0,1,1.5,6
0,2,2.5,7
0,3,9.5,8
0,4,9.5,9
0,5,9.5,10
0,6,9.5,11
0,1,1.5,12
0,2,2.5,13
0,3,9.5,14
1,4,9.5,15
0,1,1.5,1
0,2,2.5,2
0,3,9.5,3
0,4,9.5,4
0,5,9.5,5
0,6,9.5,6
0,7,9.5,7
0,8,9.5,8
0,9,9.5,9
0,10,9.5,10
0,11,9.5,11
0,12,9.5,12
1,13,9.5,13
0,1,1.5,1
0,2,2.5,2
0,3,9.5,3
0,4,9.5,4
0,5,9.5,5
0,6,9.5,6
0,7,9.5,7
0,8,9.5,8
0,9,9.5,9
1,10,9.5,10
0,1,1.5,1
0,2,2.5,2
0,3,9.5,3
0,4,9.5,4
0,5,9.5,5
0,6,9.5,6
0,7,9.5,7
0,8,9.5,8
0,9,9.5,9
0,10,9.5,10
0,11,9.5,11
0,12,9.5,12
0,13,9.5,13
1,14,9.5,14
0,1,1.5,1
0,2,2.5,2
0,1,1.5,3
0,1,1.5,4
0,1,1.5,5
0,1,1.5,6
0,2,2.5,7
0,1,1.5,8
0,1,1.5,9
0,2,2.5,10
0,1,1.5,11
0,1,1.5,12
0,2,2.5,13
0,1,1.5,14
0,1,1.5,15
0,2,2.5,16
0,3,9.5,17
1,1,1.5,18
0,1,1.5,1
0,2,2.5,2
0,1,1.5,3
0,1,1.5,4
0,2,2.5,5
0,1,1.5,6
0,2,2.5,7
0,1,1.5,8
0,1,1.5,9
0,2,2.5,10
0,3,9.5,11
0,4,9.5,12
0,5,9.5,13
0,1,1.5,14
0,1,1.5,15
0,2,2.5,16
0,1,1.5,17
1,1,1.5,18
0,1,1.5,1
0,2,2.5,2
0,3,9.5,3
0,4,9.5,4
0,5,9.5,5
0,6,9.5,6
0,7,9.5,7
0,8,9.5,8
0,9,9.5,9
0,10,9.5,10
0,11,9.5,11
1,12,9.5,12
0,1,1.5,1
0,2,2.5,2
0,3,9.5,3
0,1,1.5,4
0,1,1.5,5
0,2,2.5,6
0,1,1.5,7
0,1,1.5,8
0,2,2.5,9
1,3,9.5,10
0,1,1.5,1
0,2,2.5,2
1,3,9.5,3
1,1,1.5,1
0,1,1.5,1
1,2,2.5,2
0,1,1.5,1
0,2,2.5,2
0,3,9.5,3
1,4,9.5,4
1,1,1.5,1
0,1,1.5,1
0,2,2.5,2
0,3,9.5,3
0,1,1.5,4
1,2,2.5,5
1,1,1.5,1
0,1,1.5,1
0,2,2.5,2
0,3,9.5,3
1,1,1.5,4
0,1,1.5,1
1,2,2.5,2
0,1,1.5,1
0,2,2.5,2
0,1,1.5,3
1,1,1.5,4
0,1,1.5,1
0,2,2.5,2
0,1,1.5,3
1,2,2.5,4
0,1,1.5,1
0,2,2.5,2
0,3,9.5,3
1,1,1.5,4
0,1,1.5,1
0,2,2.5,2
1,3,9.5,3
0,1,1.5,1
0,2,2.5,2
0,3,9.5,3
1,1,1.5,4
0,1,1.5,1
0,2,2.5,2
0,1,1.5,3
0,1,1.5,4
1,1,1.5,5
0,1,1.5,1
0,2,2.5,2
1,3,9.5,3
0,1,1.5,1
0,2,2.5,2
0,3,9.5,3
1,4,9.5,4
0,1,1.5,1
0,2,2.5,2
0,3,9.5,3
1,4,9.5,4
0,1,1.5,1
0,2,2.5,2
0,3,9.5,3
0,1,1.5,4
1,1,1.5,5
0,1,1.5,1
0,2,2.5,2
0,3,9.5,3
1,1,1.5,4
0,1,1.5,1
0,2,2.5,2
0,3,9.5,3
0,1,1.5,4
1,1,1.5,5
0,1,1.5,1
0,2,2.5,2
1,3,9.5,3
0,1,1.5,1
0,2,2.5,2
1,3,9.5,3
0,1,1.5,1
0,2,2.5,2
0,3,9.5,3
1,4,9.5,4
0,1,1.5,1
0,2,2.5,2
1,3,9.5,3
0,1,1.5,1
0,2,2.5,2
0,1,1.5,3
1,2,2.5,4
0,1,1.5,1
0,2,2.5,2
0,3,9.5,3
1,4,9.5,4
0,1,1.5,1
1,2,2.5,2
0,1,1.5,1
0,2,2.5,2
1,1,1.5,3
0,1,1.5,1
0,2,2.5,2
0,3,9.5,3
0,1,1.5,4
1,2,2.5,5
0,1,1.5,1
1,2,2.5,2
0,1,1.5,1
0,2,2.5,2
1,3,9.5,3
0,1,1.5,1
0,2,2.5,2
0,1,1.5,3
0,1,1.5,4
1,1,1.5,5
0,1,1.5,1
0,2,2.5,2
0,3,9.5,3
0,4,9.5,4
1,5,9.5,5
0,1,1.5,1
0,2,2.5,2
1,3,9.5,3
0,1,1.5,1
1,2,2.5,2
0,1,1.5,1
0,2,2.5,2
1,1,1.5,3
0,1,1.5,1
0,2,2.5,2
0,1,1.5,3
1,1,1.5,4
0,1,1.5,1
0,2,2.5,2
1,1,1.5,3
0,1,1.5,1
0,2,2.5,2
0,1,1.5,3
1,1,1.5,4
0,1,1.5,1
0,2,2.5,2
0,3,9.5,3
1,4,9.5,4
0,1,1.5,1
0,2,2.5,2
0,3,9.5,3
1,4,9.5,4
0,1,1.5,1
0,2,2.5,2
0,1,1.5,3
0,2,2.5,4
0,3,9.5,5
1,4,9.5,6
0,1,1.5,1
0,2,2.5,2
0,1,1.5,3
0,1,1.5,4
0,1,1.5,5
0,1,1.5,6
1,1,1.5,7
0,1,1.5,1
0,2,2.5,2
0,3,9.5,3
1,4,9.5,4
0,1,1.5,1
0,2,2.5,2
0,3,9.5,3
1,4,9.5,4
0,1,1.5,1
0,2,2.5,2
0,1,1.5,3
0,1,1.5,4
0,1,1.5,5
0,1,1.5,6
1,1,1.5,7
0,1,1.5,1
0,2,2.5,2
0,3,9.5,3
1,4,9.5,4
0,1,1.5,1
0,2,2.5,2
0,1,1.5,3
0,1,1.5,4
1,1,1.5,5
0,1,1.5,1
0,2,2.5,2
0,3,9.5,3
0,4,9.5,4
1,5,9.5,5
0,1,1.5,1
0,2,2.5,2
0,3,9.5,3
1,4,9.5,4
0,1,1.5,1
0,2,2.5,2
0,1,1.5,3
0,2,2.5,4
0,3,9.5,5
1,4,9.5,6
0,1,1.5,1
0,2,2.5,2
0,3,9.5,3
0,1,1.5,4
1,1,1.5,5
0,1,1.5,1
0,2,2.5,2
0,1,1.5,3
0,1,1.5,4
1,1,1.5,5
0,1,1.5,1
0,2,2.5,2
0,1,1.5,3
0,2,2.5,4
0,3,9.5,5
1,4,9.5,6
0,1,1.5,1
0,2,2.5,2
0,3,9.5,3
0,1,1.5,4
1,1,1.5,5
0,1,1.5,1
0,2,2.5,2
0,3,9.5,3
0,4,9.5,4
0,5,9.5,5
0,6,9.5,6
0,7,9.5,7
1,8,9.5,8
0,1,1.5,1
0,2,2.5,2
0,3,9.5,3
0,1,1.5,4
0,1,1.5,5
0,2,2.5,6
1,1,1.5,7
0,1,1.5,1
0,2,2.5,2
0,3,9.5,3
0,1,1.5,4
1,2,2.5,5
0,1,1.5,1
0,2,2.5,2
0,3,9.5,3
0,4,9.5,4
1,5,9.5,5
0,1,1.5,1
0,2,2.5,2
0,3,9.5,3
0,1,1.5,4
0,1,1.5,5
0,2,2.5,6
0,1,1.5,7
1,1,1.5,8
0,1,1.5,1
0,2,2.5,2
0,3,9.5,3
1,4,9.5,4
0,1,1.5,1
0,2,2.5,2
0,3,9.5,3
0,1,1.5,4
0,1,1.5,5
1,2,2.5,6
0,1,1.5,1
0,2,2.5,2
0,3,9.5,3
0,4,9.5,4
1,5,9.5,5
0,1,1.5,1
0,2,2.5,2
0,3,9.5,3
1,4,9.5,4
0,1,1.5,1
0,2,2.5,2
0,3,9.5,3
0,1,1.5,4
1,2,2.5,5
0,1,1.5,1
0,2,2.5,2
1,3,9.5,3
0,1,1.5,1
0,2,2.5,2
0,1,1.5,3
0,1,1.5,4
1,2,2.5,5
0,1,1.5,1
0,2,2.5,2
0,3,9.5,3
0,1,1.5,4
1,2,2.5,5
0,1,1.5,1
0,2,2.5,2
1,3,9.5,3
0,1,1.5,1
0,2,2.5,2
0,1,1.5,3
0,1,1.5,4
0,1,1.5,5
1,1,1.5,6
0,1,1.5,1
1,2,2.5,2
0,1,1.5,1
0,2,2.5,2
0,3,9.5,3
1,4,9.5,4
0,1,1.5,1
0,2,2.5,2
0,3,9.5,3
0,1,1.5,4
0,1,1.5,5
1,2,2.5,6
0,1,1.5,1
1,2,2.5,2
0,1,1.5,1
0,2,2.5,2
0,3,9.5,3
0,1,1.5,4
0,1,1.5,5
0,2,2.5,6
0,1,1.5,7
0,1,1.5,8
0,2,2.5,9
0,3,9.5,10
1,4,9.5,11
0,1,1.5,1
0,2,2.5,2
0,1,1.5,3
0,2,2.5,4
0,3,9.5,5
1,4,9.5,6
0,1,1.5,1
0,2,2.5,2
1,3,9.5,3
0,1,1.5,1
0,2,2.5,2
0,3,9.5,3
0,1,1.5,4
0,1,1.5,5
0,2,2.5,6
1,3,9.5,7
0,1,1.5,1
0,2,2.5,2
0,3,9.5,3
0,1,1.5,4
0,2,2.5,5
0,1,1.5,6
0,1,1.5,7
0,2,2.5,8
1,1,1.5,9
0,1,1.5,1
0,2,2.5,2
0,3,9.5,3
0,4,9.5,4
0,5,9.5,5
1,6,9.5,6
0,1,1.5,1
0,2,2.5,2
0,1,1.5,3
1,2,2.5,4
0,1,1.5,1
0,2,2.5,2
0,3,9.5,3
0,1,1.5,4
0,2,2.5,5
1,1,1.5,6
1,1,1.5,1
0,1,1.5,1
0,2,2.5,2
1,3,9.5,3
0,1,1.5,1
0,2,2.5,2
0,1,1.5,3
0,1,1.5,4
0,2,2.5,5
0,1,1.5,6
0,2,2.5,7
1,1,1.5,8
0,1,1.5,1
0,2,2.5,2
0,3,9.5,3
0,1,1.5,4
0,2,2.5,5
1,1,1.5,6
0,1,1.5,1
0,2,2.5,2
0,1,1.5,3
0,1,1.5,4
0,1,1.5,5
0,1,1.5,6
0,2,2.5,7
1,1,1.5,8
0,1,1.5,1
0,2,2.5,2
1,3,9.5,3
0,1,1.5,1
0,2,2.5,2
0,3,9.5,3
0,4,9.5,4
1,5,9.5,5
0,1,1.5,1
0,2,2.5,2
0,3,9.5,3
0,1,1.5,4
1,1,1.5,5
0,1,1.5,1
0,2,2.5,2
1,3,9.5,3
0,1,1.5,1
0,2,2.5,2
1,3,9.5,3
0,1,1.5,1
0,2,2.5,2
0,1,1.5,3
0,1,1.5,4
0,1,1.5,5
0,1,1.5,6
1,1,1.5,7
0,1,1.5,1
0,2,2.5,2
0,1,1.5,3
0,1,1.5,4
0,1,1.5,5
0,1,1.5,6
1,2,2.5,7
0,1,1.5,1
0,2,2.5,2
0,1,1.5,3
0,2,2.5,4
1,3,9.5,5
0,1,1.5,1
0,2,2.5,2
0,3,9.5,3
0,1,1.5,4
1,1,1.5,5
0,1,1.5,1
0,2,2.5,2
1,3,9.5,3
0,1,1.5,1
0,2,2.5,2
0,3,9.5,3
0,1,1.5,4
0,2,2.5,5
0,1,1.5,6
0,1,1.5,7
0,2,2.5,8
0,1,1.5,9
0,1,1.5,10
1,2,2.5,11
0,1,1.5,1
0,2,2.5,2
0,1,1.5,3
0,1,1.5,4
0,2,2.5,5
0,1,1.5,6
0,1,1.5,7
0,2,2.5,8
1,3,9.5,9
0,1,1.5,1
0,2,2.5,2
0,3,9.5,3
0,1,1.5,4
0,1,1.5,5
0,2,2.5,6
0,1,1.5,7
0,1,1.5,8
1,2,2.5,9
0,1,1.5,1
0,2,2.5,2
0,3,9.5,3
0,4,9.5,4
1,5,9.5,5
0,1,1.5,1
0,2,2.5,2
0,3,9.5,3
0,4,9.5,4
1,5,9.5,5
0,1,1.5,1
0,2,2.5,2
0,3,9.5,3
1,4,9.5,4
0,1,1.5,1
0,2,2.5,2
1,3,9.5,3
0,1,1.5,1
0,2,2.5,2
0,1,1.5,3
0,2,2.5,4
1,3,9.5,5
0,1,1.5,1
0,2,2.5,2
0,1,1.5,3
0,1,1.5,4
0,2,2.5,5
0,3,9.5,6
0,1,1.5,7
0,1,1.5,8
0,2,2.5,9
1,3,9.5,10
0,1,1.5,1
0,2,2.5,2
0,1,1.5,3
0,1,1.5,4
0,1,1.5,5
0,1,1.5,6
0,2,2.5,7
1,3,9.5,8
0,1,1.5,1
0,2,2.5,2
0,3,9.5,3
1,4,9.5,4
0,1,1.5,1
0,2,2.5,2
0,3,9.5,3
1,4,9.5,4
0,1,1.5,1
0,2,2.5,2
1,3,9.5,3
0,1,1.5,1
0,2,2.5,2
0,1,1.5,3
0,2,2.5,4
1,3,9.5,5
0,1,1.5,1
0,2,2.5,2
0,1,1.5,3
0,1,1.5,4
0,1,1.5,5
0,1,1.5,6
0,1,1.5,7
0,2,2.5,8
0,1,1.5,9
0,2,2.5,10
0,1,1.5,11
1,1,1.5,12
0,1,1.5,1
0,2,2.5,2
1,3,9.5,3
1,1,1.5,1
0,1,1.5,1
0,2,2.5,2
0,3,9.5,3
0,4,9.5,4
1,5,9.5,5
0,1,1.5,1
0,2,2.5,2
0,3,9.5,3
0,4,9.5,4
0,5,9.5,5
0,6,9.5,6
1,7,9.5,7
0,1,1.5,1
0,2,2.5,2
0,1,1.5,3
0,1,1.5,4
0,1,1.5,5
0,1,1.5,6
1,2,2.5,7
0,1,1.5,1
0,2,2.5,2
0,3,9.5,3
0,1,1.5,4
0,2,2.5,5
1,1,1.5,6
0,1,1.5,1
0,2,2.5,2
0,1,1.5,3
0,1,1.5,4
0,1,1.5,5
0,1,1.5,6
0,1,1.5,7
0,1,1.5,8
0,1,1.5,9
0,1,1.5,10
0,2,2.5,11
0,1,1.5,12
1,2,2.5,13
0,1,1.5,1
0,2,2.5,2
0,3,9.5,3
1,4,9.5,4
0,1,1.5,1
0,2,2.5,2
1,3,9.5,3
0,1,1.5,1
0,2,2.5,2
0,3,9.5,3
0,1,1.5,4
0,1,1.5,5
0,2,2.5,6
0,1,1.5,7
0,1,1.5,8
0,2,2.5,9
0,3,9.5,10
0,4,9.5,11
1,5,9.5,12
0,1,1.5,1
0,2,2.5,2
0,1,1.5,3
0,1,1.5,4
0,1,1.5,5
0,1,1.5,6
0,2,2.5,7
0,3,9.5,8
0,4,9.5,9
0,5,9.5,10
0,6,9.5,11
1,1,1.5,12
0,1,1.5,1
0,2,2.5,2
0,1,1.5,3
0,2,2.5,4
1,3,9.5,5
0,1,1.5,1
0,2,2.5,2
0,3,9.5,3
0,1,1.5,4
1,2,2.5,5
0,1,1.5,1
0,2,2.5,2
0,3,9.5,3
0,4,9.5,4
1,5,9.5,5
0,1,1.5,1
0,2,2.5,2
0,3,9.5,3
1,4,9.5,4
0,1,1.5,1
0,2,2.5,2
0,3,9.5,3
1,4,9.5,4
0,1,1.5,1
0,2,2.5,2
0,1,1.5,3
1,1,1.5,4
0,1,1.5,1
0,2,2.5,2
0,3,9.5,3
0,1,1.5,4
1,1,1.5,5
0,1,1.5,1
0,2,2.5,2
1,3,9.5,3
0,1,1.5,1
0,2,2.5,2
0,1,1.5,3
0,1,1.5,4
1,2,2.5,5
0,1,1.5,1
0,2,2.5,2
0,1,1.5,3
0,1,1.5,4
0,2,2.5,5
1,1,1.5,6
0,1,1.5,1
0,2,2.5,2
0,3,9.5,3
0,4,9.5,4
1,5,9.5,5
0,1,1.5,1
0,2,2.5,2
0,1,1.5,3
0,2,2.5,4
0,3,9.5,5
0,4,9.5,6
0,5,9.5,7
0,6,9.5,8
0,7,9.5,9
0,8,9.5,10
0,9,9.5,11
0,10,9.5,12
0,11,9.5,13
0,12,9.5,14
0,13,9.5,15
0,14,9.5,16
0,15,9.5,17
1,16,9.5,18
0,1,1.5,1
0,2,2.5,2
1,3,9.5,3
0,1,1.5,1
0,2,2.5,2
0,3,9.5,3
1,4,9.5,4
0,1,1.5,1
0,2,2.5,2
0,3,9.5,3
0,1,1.5,4
0,1,1.5,5
0,2,2.5,6
0,3,9.5,7
1,4,9.5,8
0,1,1.5,1
0,2,2.5,2
0,3,9.5,3
1,4,9.5,4
0,1,1.5,1
0,2,2.5,2
0,3,9.5,3
1,4,9.5,4
0,1,1.5,1
0,2,2.5,2
0,1,1.5,3
0,2,2.5,4
0,3,9.5,5
0,4,9.5,6
0,5,9.5,7
0,6,9.5,8
0,7,9.5,9
0,8,9.5,10
1,9,9.5,11
0,1,1.5,1
0,2,2.5,2
0,3,9.5,3
0,1,1.5,4
0,2,2.5,5
0,1,1.5,6
1,1,1.5,7
0,1,1.5,1
0,2,2.5,2
0,3,9.5,3
0,1,1.5,4
0,1,1.5,5
1,2,2.5,6
0,1,1.5,1
0,2,2.5,2
0,3,9.5,3
1,4,9.5,4
0,1,1.5,1
0,2,2.5,2
0,3,9.5,3
1,1,1.5,4
0,1,1.5,1
0,2,2.5,2
0,3,9.5,3
0,4,9.5,4
0,5,9.5,5
1,6,9.5,6
0,1,1.5,1
0,2,2.5,2
0,3,9.5,3
0,4,9.5,4
0,5,9.5,5
1,6,9.5,6
0,1,1.5,1
0,2,2.5,2
0,3,9.5,3
0,1,1.5,4
1,2,2.5,5
0,1,1.5,1
0,2,2.5,2
0,1,1.5,3
0,1,1.5,4
1,2,2.5,5
0,1,1.5,1
0,2,2.5,2
0,1,1.5,3
0,2,2.5,4
0,3,9.5,5
0,4,9.5,6
0,5,9.5,7
0,6,9.5,8
0,7,9.5,9
0,8,9.5,10
1,9,9.5,11
0,1,1.5,1
0,2,2.5,2
0,3,9.5,3
0,1,1.5,4
0,1,1.5,5
0,2,2.5,6
0,1,1.5,7
1,1,1.5,8
0,1,1.5,1
0,2,2.5,2
0,1,1.5,3
0,2,2.5,4
1,3,9.5,5
0,1,1.5,1
0,2,2.5,2
0,1,1.5,3
1,2,2.5,4
0,1,1.5,1
0,2,2.5,2
0,1,1.5,3
1,1,1.5,4
0,1,1.5,1
0,2,2.5,2
0,3,9.5,3
0,1,1.5,4
1,2,2.5,5
0,1,1.5,1
0,2,2.5,2
0,3,9.5,3
0,1,1.5,4
0,1,1.5,5
0,2,2.5,6
0,1,1.5,7
0,1,1.5,8
1,2,2.5,9
0,1,1.5,1
0,2,2.5,2
1,3,9.5,3
0,1,1.5,1
0,2,2.5,2
0,3,9.5,3
0,1,1.5,4
0,1,1.5,5
1,2,2.5,6
0,1,1.5,1
0,2,2.5,2
0,3,9.5,3
1,4,9.5,4
0,1,1.5,1
1,2,2.5,2
0,1,1.5,1
1,2,2.5,2
0,1,1.5,1
1,2,2.5,2
0,1,1.5,1
0,2,2.5,2
0,1,1.5,3
0,1,1.5,4
1,1,1.5,5
0,1,1.5,1
0,2,2.5,2
1,3,9.5,3
0,1,1.5,1
1,2,2.5,2
1,1,1.5,1
0,1,1.5,1
1,2,2.5,2
0,1,1.5,1
0,2,2.5,2
1,1,1.5,3
1,1,1.5,1
0,1,1.5,1
1,2,2.5,2
0,1,1.5,1
0,2,2.5,2
0,3,9.5,3
1,4,9.5,4
0,1,1.5,1
0,2,2.5,2
1,3,9.5,3
0,1,1.5,1
0,2,2.5,2
0,3,9.5,3
0,4,9.5,4
1,5,9.5,5
1,1,1.5,1
0,1,1.5,1
1,2,2.5,2
0,1,1.5,1
0,2,2.5,2
1,3,9.5,3
0,1,1.5,1
0,2,2.5,2
1,3,9.5,3
0,1,1.5,1
0,2,2.5,2
0,1,1.5,3
0,2,2.5,4
0,3,9.5,5
1,4,9.5,6
0,1,1.5,1
1,2,2.5,2
0,1,1.5,1
1,2,2.5,2
0,1,1.5,1
0,2,2.5,2
1,3,9.5,3
0,1,1.5,1
0,2,2.5,2
0,3,9.5,3
0,4,9.5,4
1,5,9.5,5
0,1,1.5,1
1,2,2.5,2
0,1,1.5,1
0,2,2.5,2
1,3,9.5,3
0,1,1.5,1
0,2,2.5,2
0,3,9.5,3
0,4,9.5,4
1,5,9.5,5
0,1,1.5,1
0,2,2.5,2
1,3,9.5,3
0,1,1.5,1
0,2,2.5,2
0,3,9.5,3
0,1,1.5,4
1,1,1.5,5
0,1,1.5,1
0,2,2.5,2
0,3,9.5,3
1,4,9.5,4
0,1,1.5,1
0,2,2.5,2
0,1,1.5,3
0,1,1.5,4
1,2,2.5,5
0,1,1.5,1
0,2,2.5,2
0,3,9.5,3
1,4,9.5,4
0,1,1.5,1
0,2,2.5,2
0,1,1.5,3
0,1,1.5,4
0,2,2.5,5
0,1,1.5,6
1,2,2.5,7
0,1,1.5,1
0,2,2.5,2
0,1,1.5,3
0,1,1.5,4
0,1,1.5,5
0,1,1.5,6
1,1,1.5,7
0,1,1.5,1
1,2,2.5,2
0,1,1.5,1
0,2,2.5,2
0,3,9.5,3
0,4,9.5,4
1,5,9.5,5
0,1,1.5,1
0,2,2.5,2
0,3,9.5,3
0,1,1.5,4
1,2,2.5,5
0,1,1.5,1
1,2,2.5,2
0,1,1.5,1
0,2,2.5,2
1,3,9.5,3
0,1,1.5,1
0,2,2.5,2
0,3,9.5,3
0,1,1.5,4
0,2,2.5,5
0,1,1.5,6
0,1,1.5,7
1,2,2.5,8
0,1,1.5,1
0,2,2.5,2
0,1,1.5,3
1,2,2.5,4
0,1,1.5,1
0,2,2.5,2
1,1,1.5,3
0,1,1.5,1
0,2,2.5,2
0,1,1.5,3
0,1,1.5,4
1,1,1.5,5
0,1,1.5,1
0,2,2.5,2
0,3,9.5,3
0,1,1.5,4
0,1,1.5,5
1,2,2.5,6
0,1,1.5,1
0,2,2.5,2
0,3,9.5,3
1,4,9.5,4
0,1,1.5,1
0,2,2.5,2
1,3,9.5,3
0,1,1.5,1
1,2,2.5,2
0,1,1.5,1
0,2,2.5,2
1,3,9.5,3
0,1,1.5,1
0,2,2.5,2
0,3,9.5,3
1,4,9.5,4
1,1,1.5,1
0,1,1.5,1
0,2,2.5,2
1,1,1.5,3
0,1,1.5,1
1,2,2.5,2
0,1,1.5,1
0,2,2.5,2
1,1,1.5,3
0,1,1.5,1
0,2,2.5,2
0,1,1.5,3
0,1,1.5,4
0,2,2.5,5
1,1,1.5,6
0,1,1.5,1
0,2,2.5,2
0,1,1.5,3
0,2,2.5,4
1,3,9.5,5
0,1,1.5,1
1,2,2.5,2
0,1,1.5,1
0,2,2.5,2
0,1,1.5,3
0,1,1.5,4
0,1,1.5,5
0,1,1.5,6
1,2,2.5,7
1,1,1.5,1
0,1,1.5,1
1,2,2.5,2
0,1,1.5,1
0,2,2.5,2
0,3,9.5,3
0,1,1.5,4
0,2,2.5,5
1,1,1.5,6
0,1,1.5,1
0,2,2.5,2
0,3,9.5,3
0,1,1.5,4
0,1,1.5,5
1,2,2.5,6
0,1,1.5,1
0,2,2.5,2
1,1,1.5,3
0,1,1.5,1
0,2,2.5,2
0,3,9.5,3
1,4,9.5,4
0,1,1.5,1
0,2,2.5,2
0,3,9.5,3
0,4,9.5,4
0,5,9.5,5
0,6,9.5,6
0,7,9.5,7
1,8,9.5,8
0,1,1.5,1
0,2,2.5,2
0,3,9.5,3
0,4,9.5,4
1,5,9.5,5
0,1,1.5,1
0,2,2.5,2
0,1,1.5,3
1,2,2.5,4
0,1,1.5,1
0,2,2.5,2
0,3,9.5,3
0,4,9.5,4
0,5,9.5,5
0,6,9.5,6
0,7,9.5,7
0,8,9.5,8
1,9,9.5,9
0,1,1.5,1
0,2,2.5,2
0,3,9.5,3
1,4,9.5,4
0,1,1.5,1
0,2,2.5,2
0,3,9.5,3
0,4,9.5,4
0,5,9.5,5
0,6,9.5,6
0,7,9.5,7
1,8,9.5,8
0,1,1.5,1
0,2,2.5,2
0,3,9.5,3
0,1,1.5,4
1,2,2.5,5
0,1,1.5,1
0,2,2.5,2
0,3,9.5,3
0,1,1.5,4
0,1,1.5,5
0,2,2.5,6
1,3,9.5,7
0,1,1.5,1
0,2,2.5,2
0,3,9.5,3
1,4,9.5,4
0,1,1.5,1
0,2,2.5,2
0,1,1.5,3
0,1,1.5,4
0,1,1.5,5
1,1,1.5,6
0,1,1.5,1
0,2,2.5,2
0,3,9.5,3
0,1,1.5,4
0,1,1.5,5
0,2,2.5,6
1,3,9.5,7
0,1,1.5,1
0,2,2.5,2
0,1,1.5,3
0,1,1.5,4
0,1,1.5,5
1,1,1.5,6
0,1,1.5,1
0,2,2.5,2
0,3,9.5,3
0,1,1.5,4
0,1,1.5,5
0,2,2.5,6
0,1,1.5,7
0,1,1.5,8
0,2,2.5,9
0,3,9.5,10
0,4,9.5,11
0,5,9.5,12
1,6,9.5,13
0,1,1.5,1
0,2,2.5,2
0,1,1.5,3
0,1,1.5,4
1,2,2.5,5
0,1,1.5,1
0,2,2.5,2
0,3,9.5,3
0,1,1.5,4
0,2,2.5,5
0,1,1.5,6
0,1,1.5,7
0,2,2.5,8
0,1,1.5,9
0,1,1.5,10
0,1,1.5,11
0,1,1.5,12
1,2,2.5,13
0,1,1.5,1
0,2,2.5,2
0,3,9.5,3
0,1,1.5,4
0,2,2.5,5
0,1,1.5,6
0,1,1.5,7
0,2,2.5,8
1,1,1.5,9
0,1,1.5,1
0,2,2.5,2
0,3,9.5,3
0,1,1.5,4
0,2,2.5,5
0,1,1.5,6
0,2,2.5,7
1,3,9.5,8
0,1,1.5,1
0,2,2.5,2
1,1,1.5,3
0,1,1.5,1
0,2,2.5,2
1,3,9.5,3
0,1,1.5,1
0,2,2.5,2
0,3,9.5,3
1,4,9.5,4
0,1,1.5,1
0,2,2.5,2
0,1,1.5,3
1,2,2.5,4
0,1,1.5,1
0,2,2.5,2
1,3,9.5,3
0,1,1.5,1
0,2,2.5,2
1,1,1.5,3
0,1,1.5,1
0,2,2.5,2
1,3,9.5,3
0,1,1.5,1
0,2,2.5,2
1,3,9.5,3
0,1,1.5,1
0,2,2.5,2
0,3,9.5,3
0,4,9.5,4
0,5,9.5,5
0,6,9.5,6
1,7,9.5,7
0,1,1.5,1
0,2,2.5,2
0,1,1.5,3
0,1,1.5,4
0,2,2.5,5
0,1,1.5,6
1,1,1.5,7
0,1,1.5,1
0,2,2.5,2
1,3,9.5,3
1,1,1.5,1
1,1,1.5,1
0,1,1.5,1
0,2,2.5,2
0,1,1.5,3
0,2,2.5,4
1,3,9.5,5
0,1,1.5,1
0,2,2.5,2
1,3,9.5,3
1,1,1.5,1
0,1,1.5,1
1,2,2.5,2
0,1,1.5,1
1,2,2.5,2
0,1,1.5,1
0,2,2.5,2
0,1,1.5,3
0,1,1.5,4
0,1,1.5,5
1,1,1.5,6
1,1,1.5,1
0,1,1.5,1
0,2,2.5,2
0,3,9.5,3
0,4,9.5,4
1,5,9.5,5
0,1,1.5,1
0,2,2.5,2
0,1,1.5,3
1,2,2.5,4
0,1,1.5,1
0,2,2.5,2
0,3,9.5,3
1,1,1.5,4
1,1,1.5,1
0,1,1.5,1
0,2,2.5,2
0,3,9.5,3
0,4,9.5,4
0,5,9.5,5
1,6,9.5,6
0,1,1.5,1
0,2,2.5,2
1,3,9.5,3
0,1,1.5,1
1,2,2.5,2
0,1,1.5,1
0,2,2.5,2
1,3,9.5,3
0,1,1.5,1
0,2,2.5,2
1,1,1.5,3
0,1,1.5,1
1,2,2.5,2
0,1,1.5,1
1,2,2.5,2
0,1,1.5,1
0,2,2.5,2
0,3,9.5,3
0,1,1.5,4
1,2,2.5,5
0,1,1.5,1
0,2,2.5,2
0,1,1.5,3
1,1,1.5,4
0,1,1.5,1
0,2,2.5,2
1,3,9.5,3
0,1,1.5,1
0,2,2.5,2
0,1,1.5,3
0,2,2.5,4
0,3,9.5,5
1,4,9.5,6
0,1,1.5,1
1,2,2.5,2
0,1,1.5,1
0,2,2.5,2
0,3,9.5,3
0,4,9.5,4
1,5,9.5,5
0,1,1.5,1
0,2,2.5,2
0,1,1.5,3
0,2,2.5,4
0,3,9.5,5
1,4,9.5,6
0,1,1.5,1
0,2,2.5,2
0,3,9.5,3
1,1,1.5,4
0,1,1.5,1
0,2,2.5,2
1,3,9.5,3
0,1,1.5,1
0,2,2.5,2
1,3,9.5,3
0,1,1.5,1
1,2,2.5,2
0,1,1.5,1
1,2,2.5,2
0,1,1.5,1
1,2,2.5,2
0,1,1.5,1
0,2,2.5,2
1,1,1.5,3
0,1,1.5,1
0,2,2.5,2
1,1,1.5,3
0,1,1.5,1
0,2,2.5,2
1,3,9.5,3
0,1,1.5,1
0,2,2.5,2
0,3,9.5,3
1,4,9.5,4
0,1,1.5,1
0,2,2.5,2
0,3,9.5,3
0,1,1.5,4
0,1,1.5,5
1,2,2.5,6
0,1,1.5,1
0,2,2.5,2
0,3,9.5,3
0,1,1.5,4
1,2,2.5,5
0,1,1.5,1
0,2,2.5,2
1,3,9.5,3
0,1,1.5,1
0,2,2.5,2
0,1,1.5,3
1,1,1.5,4
0,1,1.5,1
0,2,2.5,2
1,1,1.5,3
0,1,1.5,1
0,2,2.5,2
0,1,1.5,3
0,1,1.5,4
0,2,2.5,5
1,3,9.5,6
0,1,1.5,1
0,2,2.5,2
0,1,1.5,3
0,1,1.5,4
0,1,1.5,5
1,1,1.5,6
0,1,1.5,1
0,2,2.5,2
0,3,9.5,3
0,1,1.5,4
0,1,1.5,5
0,2,2.5,6
1,1,1.5,7
0,1,1.5,1
0,2,2.5,2
0,3,9.5,3
0,1,1.5,4
1,1,1.5,5
1,1,1.5,1
1,1,1.5,1
0,1,1.5,1
1,2,2.5,2
0,1,1.5,1
0,2,2.5,2
0,1,1.5,3
0,2,2.5,4
1,3,9.5,5
0,1,1.5,1
0,2,2.5,2
0,3,9.5,3
0,1,1.5,4
0,1,1.5,5
0,2,2.5,6
1,1,1.5,7
0,1,1.5,1
0,2,2.5,2
0,1,1.5,3
0,2,2.5,4
0,3,9.5,5
0,4,9.5,6
0,5,9.5,7
0,1,1.5,8
0,1,1.5,9
0,2,2.5,10
0,1,1.5,11
0,1,1.5,12
1,2,2.5,13
0,1,1.5,1
0,2,2.5,2
0,3,9.5,3
0,1,1.5,4
0,1,1.5,5
0,2,2.5,6
0,3,9.5,7
0,1,1.5,8
0,1,1.5,9
0,1,1.5,10
0,1,1.5,11
0,1,1.5,12
1,1,1.5,13
0,1,1.5,1
0,2,2.5,2
0,1,1.5,3
0,2,2.5,4
0,3,9.5,5
0,4,9.5,6
0,5,9.5,7
0,6,9.5,8
1,7,9.5,9
0,1,1.5,1
0,2,2.5,2
0,3,9.5,3
0,4,9.5,4
0,5,9.5,5
1,6,9.5,6
0,1,1.5,1
0,2,2.5,2
0,3,9.5,3
0,1,1.5,4
0,1,1.5,5
1,2,2.5,6
0,1,1.5,1
0,2,2.5,2
0,3,9.5,3
0,1,1.5,4
0,1,1.5,5
0,2,2.5,6
0,1,1.5,7
0,1,1.5,8
0,2,2.5,9
1,3,9.5,10
0,1,1.5,1
0,2,2.5,2
0,1,1.5,3
0,2,2.5,4
0,3,9.5,5
0,4,9.5,6
0,5,9.5,7
0,6,9.5,8
0,7,9.5,9
1,8,9.5,10
0,1,1.5,1
0,2,2.5,2
0,3,9.5,3
0,1,1.5,4
0,1,1.5,5
0,2,2.5,6
0,3,9.5,7
0,4,9.5,8
0,5,9.5,9
0,1,1.5,10
0,1,1.5,11
0,2,2.5,12
0,3,9.5,13
0,4,9.5,14
0,1,1.5,15
0,1,1.5,16
0,1,1.5,17
0,1,1.5,18
0,2,2.5,19
0,1,1.5,20
0,2,2.5,21
0,1,1.5,22
0,2,2.5,23
1,1,1.5,24
0,1,1.5,1
0,2,2.5,2
0,3,9.5,3
0,4,9.5,4
0,5,9.5,5
0,6,9.5,6
0,7,9.5,7
0,8,9.5,8
1,9,9.5,9
0,1,1.5,1
0,2,2.5,2
0,1,1.5,3
0,1,1.5,4
0,2,2.5,5
0,1,1.5,6
0,1,1.5,7
0,2,2.5,8
0,3,9.5,9
1,4,9.5,10
0,1,1.5,1
0,2,2.5,2
0,1,1.5,3
0,1,1.5,4
0,1,1.5,5
0,1,1.5,6
0,1,1.5,7
1,1,1.5,8
0,1,1.5,1
0,2,2.5,2
0,3,9.5,3
1,1,1.5,4
0,1,1.5,1
1,2,2.5,2
1,1,1.5,1
0,1,1.5,1
0,2,2.5,2
0,3,9.5,3
1,4,9.5,4
0,1,1.5,1
0,2,2.5,2
1,3,9.5,3
0,1,1.5,1
0,2,2.5,2
0,3,9.5,3
1,4,9.5,4
0,1,1.5,1
0,2,2.5,2
1,1,1.5,3
0,1,1.5,1
0,2,2.5,2
0,3,9.5,3
0,4,9.5,4
1,5,9.5,5
1,1,1.5,1
0,1,1.5,1
0,2,2.5,2
0,3,9.5,3
0,1,1.5,4
1,2,2.5,5
0,1,1.5,1
0,2,2.5,2
0,3,9.5,3
0,4,9.5,4
1,5,9.5,5
0,1,1.5,1
0,2,2.5,2
0,3,9.5,3
0,4,9.5,4
0,5,9.5,5
1,6,9.5,6
0,1,1.5,1
0,2,2.5,2
1,3,9.5,3
0,1,1.5,1
0,2,2.5,2
1,3,9.5,3
0,1,1.5,1
0,2,2.5,2
1,3,9.5,3
1,1,1.5,1
0,1,1.5,1
0,2,2.5,2
0,1,1.5,3
0,2,2.5,4
0,3,9.5,5
1,4,9.5,6
1,1,1.5,1
0,1,1.5,1
1,2,2.5,2
0,1,1.5,1
0,2,2.5,2
0,3,9.5,3
1,4,9.5,4
0,1,1.5,1
0,2,2.5,2
0,3,9.5,3
1,4,9.5,4
0,1,1.5,1
0,2,2.5,2
1,3,9.5,3
0,1,1.5,1
0,2,2.5,2
1,1,1.5,3
0,1,1.5,1
0,2,2.5,2
0,1,1.5,3
0,1,1.5,4
0,1,1.5,5
1,1,1.5,6
0,1,1.5,1
0,2,2.5,2
0,3,9.5,3
1,1,1.5,4
0,1,1.5,1
0,2,2.5,2
0,3,9.5,3
1,1,1.5,4
0,1,1.5,1
0,2,2.5,2
0,3,9.5,3
1,4,9.5,4
0,1,1.5,1
0,2,2.5,2
0,3,9.5,3
0,4,9.5,4
0,5,9.5,5
0,6,9.5,6
0,7,9.5,7
0,8,9.5,8
1,9,9.5,9
0,1,1.5,1
0,2,2.5,2
0,1,1.5,3
0,1,1.5,4
1,1,1.5,5
0,1,1.5,1
0,2,2.5,2
0,1,1.5,3
0,1,1.5,4
1,1,1.5,5
0,1,1.5,1
0,2,2.5,2
1,3,9.5,3
0,1,1.5,1
0,2,2.5,2
0,1,1.5,3
0,1,1.5,4
0,2,2.5,5
0,1,1.5,6
0,2,2.5,7
1,1,1.5,8
0,1,1.5,1
0,2,2.5,2
0,3,9.5,3
1,1,1.5,4
0,1,1.5,1
1,2,2.5,2
0,1,1.5,1
1,2,2.5,2
0,1,1.5,1
0,2,2.5,2
0,3,9.5,3
0,4,9.5,4
0,5,9.5,5
1,6,9.5,6
0,1,1.5,1
1,2,2.5,2
0,1,1.5,1
0,2,2.5,2
0,1,1.5,3
0,1,1.5,4
0,2,2.5,5
0,1,1.5,6
0,1,1.5,7
1,2,2.5,8
0,1,1.5,1
0,2,2.5,2
0,1,1.5,3
0,2,2.5,4
0,3,9.5,5
1,4,9.5,6
0,1,1.5,1
0,2,2.5,2
0,3,9.5,3
0,4,9.5,4
0,5,9.5,5
1,6,9.5,6
0,1,1.5,1
1,2,2.5,2
1,1,1.5,1
0,1,1.5,1
1,2,2.5,2
0,1,1.5,1
0,2,2.5,2
0,3,9.5,3
1,4,9.5,4
0,1,1.5,1
1,2,2.5,2
0,1,1.5,1
0,2,2.5,2
0,3,9.5,3
1,1,1.5,4
0,1,1.5,1
0,2,2.5,2
1,3,9.5,3
0,1,1.5,1
0,2,2.5,2
1,3,9.5,3
0,1,1.5,1
1,2,2.5,2
0,1,1.5,1
1,2,2.5,2
0,1,1.5,1
0,2,2.5,2
0,3,9.5,3
1,4,9.5,4
0,1,1.5,1
1,2,2.5,2
0,1,1.5,1
0,2,2.5,2
1,3,9.5,3
0,1,1.5,1
1,2,2.5,2
0,1,1.5,1
0,2,2.5,2
1,3,9.5,3
0,1,1.5,1
0,2,2.5,2
0,3,9.5,3
0,1,1.5,4
0,1,1.5,5
0,2,2.5,6
1,1,1.5,7
0,1,1.5,1
0,2,2.5,2
0,1,1.5,3
0,2,2.5,4
0,3,9.5,5
0,4,9.5,6
0,5,9.5,7
1,6,9.5,8
0,1,1.5,1
0,2,2.5,2
0,1,1.5,3
1,2,2.5,4
0,1,1.5,1
0,2,2.5,2
0,3,9.5,3
1,4,9.5,4
0,1,1.5,1
0,2,2.5,2
1,3,9.5,3
0,1,1.5,1
1,2,2.5,2
1,1,1.5,1
0,1,1.5,1
0,2,2.5,2
0,1,1.5,3
0,1,1.5,4
0,2,2.5,5
0,1,1.5,6
0,2,2.5,7
1,1,1.5,8
0,1,1.5,1
1,2,2.5,2
0,1,1.5,1
0,2,2.5,2
0,3,9.5,3
0,1,1.5,4
0,2,2.5,5
0,1,1.5,6
0,2,2.5,7
0,3,9.5,8
0,1,1.5,9
1,1,1.5,10
0,1,1.5,1
1,2,2.5,2
0,1,1.5,1
0,2,2.5,2
0,3,9.5,3
0,1,1.5,4
1,1,1.5,5
0,1,1.5,1
0,2,2.5,2
0,3,9.5,3
1,1,1.5,4
0,1,1.5,1
0,2,2.5,2
1,3,9.5,3
0,1,1.5,1
0,2,2.5,2
0,3,9.5,3
0,1,1.5,4
0,2,2.5,5
0,1,1.5,6
0,1,1.5,7
1,2,2.5,8
0,1,1.5,1
1,2,2.5,2
0,1,1.5,1
0,2,2.5,2
1,3,9.5,3
0,1,1.5,1
0,2,2.5,2
0,1,1.5,3
0,1,1.5,4
0,1,1.5,5
0,1,1.5,6
0,1,1.5,7
0,1,1.5,8
1,1,1.5,9
0,1,1.5,1
1,2,2.5,2
0,1,1.5,1
0,2,2.5,2
0,3,9.5,3
0,4,9.5,4
1,5,9.5,5
0,1,1.5,1
0,2,2.5,2
0,1,1.5,3
0,1,1.5,4
1,2,2.5,5
0,1,1.5,1
0,2,2.5,2
0,1,1.5,3
1,2,2.5,4
0,1,1.5,1
1,2,2.5,2
0,1,1.5,1
0,2,2.5,2
0,3,9.5,3
0,1,1.5,4
0,1,1.5,5
0,2,2.5,6
0,3,9.5,7
1,4,9.5,8
0,1,1.5,1
0,2,2.5,2
0,1,1.5,3
0,2,2.5,4
1,3,9.5,5
0,1,1.5,1
0,2,2.5,2
1,3,9.5,3
0,1,1.5,1
0,2,2.5,2
1,1,1.5,3
0,1,1.5,1
0,2,2.5,2
0,1,1.5,3
0,1,1.5,4
0,1,1.5,5
0,1,1.5,6
0,2,2.5,7
0,1,1.5,8
0,1,1.5,9
0,2,2.5,10
1,1,1.5,11
0,1,1.5,1
0,2,2.5,2
0,3,9.5,3
0,1,1.5,4
0,1,1.5,5
0,2,2.5,6
1,1,1.5,7
0,1,1.5,1
0,2,2.5,2
0,3,9.5,3
1,4,9.5,4
0,1,1.5,1
0,2,2.5,2
0,3,9.5,3
0,1,1.5,4
0,2,2.5,5
0,1,1.5,6
1,1,1.5,7
0,1,1.5,1
1,2,2.5,2
0,1,1.5,1
1,2,2.5,2
0,1,1.5,1
0,2,2.5,2
0,3,9.5,3
0,1,1.5,4
0,2,2.5,5
0,1,1.5,6
0,1,1.5,7
1,2,2.5,8
0,1,1.5,1
1,2,2.5,2
1,1,1.5,1
0,1,1.5,1
0,2,2.5,2
0,3,9.5,3
1,4,9.5,4
0,1,1.5,1
1,2,2.5,2
0,1,1.5,1
0,2,2.5,2
0,1,1.5,3
0,1,1.5,4
0,1,1.5,5
0,1,1.5,6
0,2,2.5,7
0,1,1.5,8
0,2,2.5,9
1,1,1.5,10
0,1,1.5,1
0,2,2.5,2
0,1,1.5,3
0,1,1.5,4
0,2,2.5,5
0,1,1.5,6
0,1,1.5,7
1,2,2.5,8
0,1,1.5,1
0,2,2.5,2
0,3,9.5,3
0,4,9.5,4
0,5,9.5,5
0,6,9.5,6
0,7,9.5,7
1,8,9.5,8
0,1,1.5,1
0,2,2.5,2
0,1,1.5,3
0,2,2.5,4
1,3,9.5,5
0,1,1.5,1
1,2,2.5,2
0,1,1.5,1
1,2,2.5,2
0,1,1.5,1
0,2,2.5,2
1,3,9.5,3
0,1,1.5,1
1,2,2.5,2
0,1,1.5,1
0,2,2.5,2
0,1,1.5,3
1,2,2.5,4
0,1,1.5,1
1,2,2.5,2
0,1,1.5,1
0,2,2.5,2
0,3,9.5,3
0,1,1.5,4
0,1,1.5,5
1,2,2.5,6
0,1,1.5,1
0,2,2.5,2
0,3,9.5,3
0,4,9.5,4
0,5,9.5,5
1,6,9.5,6
0,1,1.5,1
1,2,2.5,2
0,1,1.5,1
0,2,2.5,2
1,3,9.5,3
0,1,1.5,1
0,2,2.5,2
0,3,9.5,3
0,1,1.5,4
1,1,1.5,5
0,1,1.5,1
0,2,2.5,2
0,1,1.5,3
0,1,1.5,4
0,1,1.5,5
0,1,1.5,6
0,2,2.5,7
1,1,1.5,8
0,1,1.5,1
0,2,2.5,2
0,3,9.5,3
0,4,9.5,4
1,5,9.5,5
0,1,1.5,1
0,2,2.5,2
1,3,9.5,3
0,1,1.5,1
0,2,2.5,2
0,3,9.5,3
0,1,1.5,4
1,1,1.5,5
0,1,1.5,1
0,2,2.5,2
0,3,9.5,3
0,1,1.5,4
0,2,2.5,5
0,1,1.5,6
1,2,2.5,7
0,1,1.5,1
0,2,2.5,2
0,1,1.5,3
0,1,1.5,4
0,2,2.5,5
1,1,1.5,6
0,1,1.5,1
0,2,2.5,2
0,1,1.5,3
1,2,2.5,4
0,1,1.5,1
0,2,2.5,2
0,1,1.5,3
0,1,1.5,4
0,1,1.5,5
1,1,1.5,6
0,1,1.5,1
0,2,2.5,2
0,1,1.5,3
0,1,1.5,4
0,1,1.5,5
1,1,1.5,6
0,1,1.5,1
0,2,2.5,2
0,1,1.5,3
1,2,2.5,4
0,1,1.5,1
0,2,2.5,2
0,1,1.5,3
0,1,1.5,4
0,2,2.5,5
1,3,9.5,6
0,1,1.5,1
0,2,2.5,2
0,3,9.5,3
1,4,9.5,4
0,1,1.5,1
0,2,2.5,2
0,3,9.5,3
1,4,9.5,4
0,1,1.5,1
0,2,2.5,2
0,3,9.5,3
0,1,1.5,4
1,1,1.5,5
0,1,1.5,1
0,2,2.5,2
0,3,9.5,3
1,4,9.5,4
0,1,1.5,1
0,2,2.5,2
1,3,9.5,3
0,1,1.5,1
0,2,2.5,2
0,3,9.5,3
1,4,9.5,4
0,1,1.5,1
0,2,2.5,2
0,3,9.5,3
0,1,1.5,4
0,2,2.5,5
1,1,1.5,6
0,1,1.5,1
0,2,2.5,2
0,1,1.5,3
1,2,2.5,4
0,1,1.5,1
0,2,2.5,2
0,3,9.5,3
1,4,9.5,4
0,1,1.5,1
0,2,2.5,2
0,3,9.5,3
1,4,9.5,4
0,1,1.5,1
0,2,2.5,2
0,1,1.5,3
0,1,1.5,4
1,1,1.5,5
0,1,1.5,1
0,2,2.5,2
0,3,9.5,3
0,1,1.5,4
1,2,2.5,5
0,1,1.5,1
0,2,2.5,2
0,1,1.5,3
0,1,1.5,4
1,2,2.5,5
0,1,1.5,1
0,2,2.5,2
0,3,9.5,3
1,4,9.5,4
0,1,1.5,1
0,2,2.5,2
0,1,1.5,3
0,2,2.5,4
1,3,9.5,5
0,1,1.5,1
0,2,2.5,2
0,3,9.5,3
0,1,1.5,4
1,1,1.5,5
0,1,1.5,1
0,2,2.5,2
0,1,1.5,3
0,1,1.5,4
1,1,1.5,5
0,1,1.5,1
0,2,2.5,2
1,3,9.5,3
0,1,1.5,1
0,2,2.5,2
0,3,9.5,3
0,1,1.5,4
1,2,2.5,5
0,1,1.5,1
0,2,2.5,2
0,3,9.5,3
0,4,9.5,4
1,5,9.5,5
0,1,1.5,1
1,2,2.5,2
0,1,1.5,1
0,2,2.5,2
0,3,9.5,3
0,1,1.5,4
1,1,1.5,5
0,1,1.5,1
0,2,2.5,2
0,3,9.5,3
0,1,1.5,4
1,2,2.5,5
1,1,1.5,1
1,1,1.5,1
0,1,1.5,1
1,2,2.5,2
1,1,1.5,1
0,1,1.5,1
0,2,2.5,2
1,3,9.5,3
1,1,1.5,1
0,1,1.5,1
1,2,2.5,2
0,1,1.5,1
0,2,2.5,2
0,1,1.5,3
1,1,1.5,4
1,1,1.5,1
0,1,1.5,1
1,2,2.5,2
1,1,1.5,1
1,1,1.5,1
1,1,1.5,1
1,1,1.5,1
1,1,1.5,1
1,1,1.5,1
1,1,1.5,1
0,1,1.5,1
0,2,2.5,2
0,3,9.5,3
0,1,1.5,4
1,1,1.5,5
0,1,1.5,1
0,2,2.5,2
0,1,1.5,3
0,1,1.5,4
0,1,1.5,5
0,1,1.5,6
1,2,2.5,7
0,1,1.5,1
0,2,2.5,2
0,3,9.5,3
0,1,1.5,4
0,1,1.5,5
0,2,2.5,6
1,1,1.5,7
0,1,1.5,1
0,2,2.5,2
0,3,9.5,3
0,4,9.5,4
0,5,9.5,5
0,6,9.5,6
1,7,9.5,7
0,1,1.5,1
0,2,2.5,2
0,1,1.5,3
0,1,1.5,4
0,1,1.5,5
1,1,1.5,6
0,1,1.5,1
0,2,2.5,2
0,3,9.5,3
0,1,1.5,4
0,1,1.5,5
1,2,2.5,6
0,1,1.5,1
0,2,2.5,2
0,3,9.5,3
0,4,9.5,4
1,5,9.5,5
0,1,1.5,1
0,2,2.5,2
0,1,1.5,3
0,2,2.5,4
1,3,9.5,5
0,1,1.5,1
0,2,2.5,2
0,3,9.5,3
0,4,9.5,4
1,5,9.5,5
0,1,1.5,1
0,2,2.5,2
0,3,9.5,3
0,4,9.5,4
0,5,9.5,5
1,6,9.5,6
0,1,1.5,1
0,2,2.5,2
0,3,9.5,3
1,4,9.5,4
0,1,1.5,1
0,2,2.5,2
0,3,9.5,3
0,1,1.5,4
1,1,1.5,5
0,1,1.5,1
0,2,2.5,2
0,3,9.5,3
0,4,9.5,4
0,5,9.5,5
1,6,9.5,6
0,1,1.5,1
0,2,2.5,2
0,3,9.5,3
1,1,1.5,4
0,1,1.5,1
0,2,2.5,2
0,1,1.5,3
0,2,2.5,4
1,3,9.5,5
0,1,1.5,1
1,2,2.5,2
0,1,1.5,1
0,2,2.5,2
0,3,9.5,3
1,1,1.5,4
0,1,1.5,1
0,2,2.5,2
0,3,9.5,3
0,4,9.5,4
0,5,9.5,5
1,6,9.5,6
0,1,1.5,1
0,2,2.5,2
1,3,9.5,3
0,1,1.5,1
0,2,2.5,2
0,1,1.5,3
0,2,2.5,4
1,3,9.5,5
0,1,1.5,1
0,2,2.5,2
0,3,9.5,3
1,4,9.5,4
0,1,1.5,1
0,2,2.5,2
0,3,9.5,3
1,4,9.5,4
0,1,1.5,1
1,2,2.5,2
0,1,1.5,1
0,2,2.5,2
0,1,1.5,3
1,1,1.5,4
0,1,1.5,1
0,2,2.5,2
1,1,1.5,3
0,1,1.5,1
0,2,2.5,2
0,3,9.5,3
0,1,1.5,4
0,2,2.5,5
0,1,1.5,6
1,1,1.5,7
0,1,1.5,1
0,2,2.5,2
0,1,1.5,3
0,1,1.5,4
0,1,1.5,5
1,1,1.5,6
0,1,1.5,1
0,2,2.5,2
1,3,9.5,3
0,1,1.5,1
0,2,2.5,2
0,3,9.5,3
0,1,1.5,4
0,1,1.5,5
0,2,2.5,6
0,3,9.5,7
1,4,9.5,8
0,1,1.5,1
0,2,2.5,2
0,1,1.5,3
0,2,2.5,4
1,3,9.5,5
0,1,1.5,1
0,2,2.5,2
0,1,1.5,3
1,1,1.5,4
0,1,1.5,1
0,2,2.5,2
1,3,9.5,3
0,1,1.5,1
0,2,2.5,2
1,3,9.5,3
0,1,1.5,1
0,2,2.5,2
1,1,1.5,3
0,1,1.5,1
0,2,2.5,2
1,3,9.5,3
0,1,1.5,1
0,2,2.5,2
0,1,1.5,3
1,2,2.5,4
0,1,1.5,1
0,2,2.5,2
0,3,9.5,3
0,1,1.5,4
0,1,1.5,5
1,2,2.5,6
0,1,1.5,1
1,2,2.5,2
0,1,1.5,1
0,2,2.5,2
0,3,9.5,3
0,4,9.5,4
0,5,9.5,5
0,6,9.5,6
1,7,9.5,7
0,1,1.5,1
0,2,2.5,2
0,3,9.5,3
0,4,9.5,4
1,5,9.5,5
0,1,1.5,1
0,2,2.5,2
0,3,9.5,3
1,4,9.5,4
0,1,1.5,1
0,2,2.5,2
0,3,9.5,3
0,1,1.5,4
0,2,2.5,5
0,1,1.5,6
0,1,1.5,7
1,2,2.5,8
0,1,1.5,1
0,2,2.5,2
1,3,9.5,3
0,1,1.5,1
0,2,2.5,2
0,1,1.5,3
1,2,2.5,4
0,1,1.5,1
0,2,2.5,2
0,3,9.5,3
0,1,1.5,4
0,2,2.5,5
0,1,1.5,6
1,1,1.5,7
0,1,1.5,1
0,2,2.5,2
0,3,9.5,3
0,1,1.5,4
0,2,2.5,5
0,1,1.5,6
0,1,1.5,7
0,2,2.5,8
0,1,1.5,9
0,1,1.5,10
0,2,2.5,11
0,3,9.5,12
0,1,1.5,13
0,1,1.5,14
1,2,2.5,15
0,1,1.5,1
0,2,2.5,2
0,3,9.5,3
0,1,1.5,4
0,1,1.5,5
0,2,2.5,6
0,1,1.5,7
0,1,1.5,8
0,1,1.5,9
0,1,1.5,10
0,2,2.5,11
0,1,1.5,12
0,1,1.5,13
0,2,2.5,14
0,3,9.5,15
0,4,9.5,16
0,5,9.5,17
0,6,9.5,18
0,1,1.5,19
0,1,1.5,20
1,2,2.5,21
0,1,1.5,1
0,2,2.5,2
0,1,1.5,3
0,2,2.5,4
0,3,9.5,5
0,4,9.5,6
1,5,9.5,7
0,1,1.5,1
0,2,2.5,2
0,1,1.5,3
0,2,2.5,4
0,3,9.5,5
0,4,9.5,6
0,5,9.5,7
0,6,9.5,8
0,7,9.5,9
0,8,9.5,10
0,9,9.5,11
0,10,9.5,12
0,11,9.5,13
1,12,9.5,14
0,1,1.5,1
0,2,2.5,2
0,1,1.5,3
0,1,1.5,4
0,2,2.5,5
0,1,1.5,6
0,1,1.5,7
0,2,2.5,8
0,3,9.5,9
0,4,9.5,10
0,1,1.5,11
0,1,1.5,12
0,1,1.5,13
0,1,1.5,14
0,1,1.5,15
0,2,2.5,16
0,3,9.5,17
1,4,9.5,18
0,1,1.5,1
0,2,2.5,2
0,3,9.5,3
1,4,9.5,4
0,1,1.5,1
0,2,2.5,2
1,3,9.5,3
0,1,1.5,1
0,2,2.5,2
0,3,9.5,3
0,1,1.5,4
0,2,2.5,5
0,1,1.5,6
0,2,2.5,7
0,3,9.5,8
0,1,1.5,9
0,1,1.5,10
0,2,2.5,11
0,3,9.5,12
0,4,9.5,13
0,5,9.5,14
1,6,9.5,15
0,1,1.5,1
0,2,2.5,2
1,3,9.5,3
0,1,1.5,1
0,2,2.5,2
0,1,1.5,3
0,1,1.5,4
0,1,1.5,5
0,1,1.5,6
0,2,2.5,7
0,1,1.5,8
0,1,1.5,9
0,2,2.5,10
0,1,1.5,11
0,1,1.5,12
0,2,2.5,13
0,1,1.5,14
0,1,1.5,15
0,2,2.5,16
0,3,9.5,17
0,1,1.5,18
0,1,1.5,19
0,2,2.5,20
0,3,9.5,21
1,1,1.5,22
0,1,1.5,1
0,2,2.5,2
0,3,9.5,3
0,1,1.5,4
0,1,1.5,5
0,2,2.5,6
1,3,9.5,7
0,1,1.5,1
1,2,2.5,2
0,1,1.5,1
0,2,2.5,2
0,1,1.5,3
0,1,1.5,4
0,2,2.5,5
0,1,1.5,6
0,2,2.5,7
0,1,1.5,8
0,1,1.5,9
0,2,2.5,10
0,3,9.5,11
0,4,9.5,12
0,5,9.5,13
0,1,1.5,14
0,1,1.5,15
0,2,2.5,16
1,1,1.5,17
1,1,1.5,1
0,1,1.5,1
0,2,2.5,2
1,3,9.5,3
0,1,1.5,1
0,2,2.5,2
0,3,9.5,3
0,1,1.5,4
1,1,1.5,5
0,1,1.5,1
0,2,2.5,2
0,3,9.5,3
0,4,9.5,4
0,5,9.5,5
0,6,9.5,6
0,7,9.5,7
0,8,9.5,8
0,9,9.5,9
0,10,9.5,10
0,11,9.5,11
0,12,9.5,12
0,13,9.5,13
0,14,9.5,14
1,15,9.5,15
0,1,1.5,1
0,2,2.5,2
0,1,1.5,3
0,1,1.5,4
0,2,2.5,5
0,3,9.5,6
0,1,1.5,7
0,1,1.5,8
0,2,2.5,9
0,3,9.5,10
0,4,9.5,11
0,1,1.5,12
0,1,1.5,13
0,2,2.5,14
0,3,9.5,15
0,4,9.5,16
0,1,1.5,17
0,1,1.5,18
0,2,2.5,19
0,3,9.5,20
1,1,1.5,21
0,1,1.5,1
0,2,2.5,2
0,1,1.5,3
0,1,1.5,4
0,1,1.5,5
0,1,1.5,6
0,2,2.5,7
0,1,1.5,8
0,2,2.5,9
1,1,1.5,10
0,1,1.5,1
0,2,2.5,2
0,1,1.5,3
0,1,1.5,4
0,1,1.5,5
0,1,1.5,6
0,1,1.5,7
0,1,1.5,8
0,1,1.5,9
0,1,1.5,10
0,2,2.5,11
0,1,1.5,12
1,2,2.5,13
0,1,1.5,1
0,2,2.5,2
1,3,9.5,3
0,1,1.5,1
0,2,2.5,2
1,3,9.5,3
0,1,1.5,1
0,2,2.5,2
0,1,1.5,3
0,2,2.5,4
0,3,9.5,5
0,4,9.5,6
0,5,9.5,7
0,1,1.5,8
0,1,1.5,9
0,2,2.5,10
0,1,1.5,11
0,1,1.5,12
0,2,2.5,13
0,1,1.5,14
0,2,2.5,15
0,1,1.5,16
0,1,1.5,17
0,2,2.5,18
1,1,1.5,19
0,1,1.5,1
0,2,2.5,2
0,3,9.5,3
0,1,1.5,4
0,1,1.5,5
0,2,2.5,6
0,1,1.5,7
0,1,1.5,8
0,2,2.5,9
0,3,9.5,10
0,4,9.5,11
0,5,9.5,12
0,6,9.5,13
0,7,9.5,14
0,1,1.5,15
1,2,2.5,16
0,1,1.5,1
0,2,2.5,2
0,3,9.5,3
1,4,9.5,4
0,1,1.5,1
0,2,2.5,2
0,1,1.5,3
0,2,2.5,4
0,3,9.5,5
0,4,9.5,6
1,5,9.5,7
0,1,1.5,1
0,2,2.5,2
0,3,9.5,3
1,4,9.5,4
0,1,1.5,1
0,2,2.5,2
0,3,9.5,3
0,1,1.5,4
0,1,1.5,5
0,2,2.5,6
1,3,9.5,7
0,1,1.5,1
1,2,2.5,2
0,1,1.5,1
0,2,2.5,2
0,3,9.5,3
0,1,1.5,4
0,2,2.5,5
1,1,1.5,6
0,1,1.5,1
0,2,2.5,2
0,1,1.5,3
0,2,2.5,4
0,3,9.5,5
1,4,9.5,6
0,1,1.5,1
0,2,2.5,2
0,1,1.5,3
0,1,1.5,4
1,1,1.5,5
0,1,1.5,1
0,2,2.5,2
1,3,9.5,3
0,1,1.5,1
0,2,2.5,2
0,1,1.5,3
0,1,1.5,4
0,1,1.5,5
0,1,1.5,6
0,2,2.5,7
0,3,9.5,8
1,4,9.5,9
0,1,1.5,1
0,2,2.5,2
1,3,9.5,3
0,1,1.5,1
0,2,2.5,2
1,3,9.5,3
0,1,1.5,1
0,2,2.5,2
0,1,1.5,3
0,1,1.5,4
0,2,2.5,5
0,1,1.5,6
0,2,2.5,7
1,1,1.5,8
0,1,1.5,1
0,2,2.5,2
1,3,9.5,3
0,1,1.5,1
0,2,2.5,2
0,3,9.5,3
0,1,1.5,4
1,2,2.5,5
0,1,1.5,1
0,2,2.5,2
1,3,9.5,3
0,1,1.5,1
0,2,2.5,2
0,1,1.5,3
1,2,2.5,4
0,1,1.5,1
0,2,2.5,2
0,3,9.5,3
0,1,1.5,4
0,2,2.5,5
1,1,1.5,6
0,1,1.5,1
1,2,2.5,2
0,1,1.5,1
1,2,2.5,2
1,1,1.5,1
1,1,1.5,1
0,1,1.5,1
0,2,2.5,2
1,3,9.5,3
0,1,1.5,1
1,2,2.5,2
0,1,1.5,1
1,2,2.5,2
0,1,1.5,1
0,2,2.5,2
1,3,9.5,3
0,1,1.5,1
1,2,2.5,2
1,1,1.5,1
0,1,1.5,1
0,2,2.5,2
0,1,1.5,3
0,2,2.5,4
1,3,9.5,5
0,1,1.5,1
1,2,2.5,2
0,1,1.5,1
0,2,2.5,2
1,3,9.5,3
0,1,1.5,1
0,2,2.5,2
0,3,9.5,3
1,1,1.5,4
0,1,1.5,1
0,2,2.5,2
0,3,9.5,3
1,4,9.5,4
0,1,1.5,1
0,2,2.5,2
1,3,9.5,3
0,1,1.5,1
0,2,2.5,2
0,1,1.5,3
1,1,1.5,4
0,1,1.5,1
0,2,2.5,2
0,1,1.5,3
0,1,1.5,4
1,1,1.5,5
0,1,1.5,1
0,2,2.5,2
0,3,9.5,3
0,1,1.5,4
1,1,1.5,5
0,1,1.5,1
0,2,2.5,2
1,1,1.5,3
0,1,1.5,1
1,2,2.5,2
1,1,1.5,1
0,1,1.5,1
1,2,2.5,2
0,1,1.5,1
0,2,2.5,2
0,1,1.5,3
0,2,2.5,4
1,3,9.5,5
0,1,1.5,1
0,2,2.5,2
0,1,1.5,3
1,1,1.5,4
0,1,1.5,1
0,2,2.5,2
0,1,1.5,3
0,1,1.5,4
0,2,2.5,5
0,3,9.5,6
0,1,1.5,7
1,1,1.5,8
0,1,1.5,1
0,2,2.5,2
0,3,9.5,3
0,1,1.5,4
1,2,2.5,5
0,1,1.5,1
0,2,2.5,2
0,3,9.5,3
0,1,1.5,4
1,1,1.5,5
0,1,1.5,1
0,2,2.5,2
0,1,1.5,3
0,1,1.5,4
0,1,1.5,5
0,1,1.5,6
0,2,2.5,7
0,1,1.5,8
1,2,2.5,9
0,1,1.5,1
0,2,2.5,2
0,1,1.5,3
0,1,1.5,4
1,1,1.5,5
0,1,1.5,1
0,2,2.5,2
1,1,1.5,3
0,1,1.5,1
0,2,2.5,2
1,3,9.5,3
0,1,1.5,1
0,2,2.5,2
1,3,9.5,3
0,1,1.5,1
0,2,2.5,2
0,1,1.5,3
1,2,2.5,4
0,1,1.5,1
1,2,2.5,2
0,1,1.5,1
1,2,2.5,2
0,1,1.5,1
0,2,2.5,2
0,3,9.5,3
0,1,1.5,4
1,1,1.5,5
0,1,1.5,1
0,2,2.5,2
1,3,9.5,3
0,1,1.5,1
0,2,2.5,2
1,3,9.5,3
1,1,1.5,1
0,1,1.5,1
0,2,2.5,2
0,3,9.5,3
0,1,1.5,4
0,2,2.5,5
1,1,1.5,6
0,1,1.5,1
0,2,2.5,2
1,3,9.5,3
0,1,1.5,1
1,2,2.5,2
0,1,1.5,1
0,2,2.5,2
0,3,9.5,3
1,1,1.5,4
0,1,1.5,1
0,2,2.5,2
1,3,9.5,3
0,1,1.5,1
0,2,2.5,2
1,1,1.5,3
0,1,1.5,1
1,2,2.5,2
1,1,1.5,1
0,1,1.5,1
0,2,2.5,2
1,3,9.5,3
0,1,1.5,1
0,2,2.5,2
0,3,9.5,3
0,1,1.5,4
1,1,1.5,5
0,1,1.5,1
0,2,2.5,2
0,3,9.5,3
1,1,1.5,4
0,1,1.5,1
1,2,2.5,2
1,1,1.5,1
0,1,1.5,1
0,2,2.5,2
0,1,1.5,3
1,2,2.5,4
0,1,1.5,1
1,2,2.5,2
0,1,1.5,1
1,2,2.5,2
0,1,1.5,1
1,2,2.5,2
0,1,1.5,1
0,2,2.5,2
0,1,1.5,3
1,2,2.5,4
0,1,1.5,1
0,2,2.5,2
0,1,1.5,3
0,1,1.5,4
0,2,2.5,5
0,1,1.5,6
0,2,2.5,7
1,1,1.5,8
0,1,1.5,1
0,2,2.5,2
0,3,9.5,3
0,1,1.5,4
1,1,1.5,5
0,1,1.5,1
0,2,2.5,2
0,3,9.5,3
0,4,9.5,4
1,5,9.5,5
0,1,1.5,1
0,2,2.5,2
0,1,1.5,3
0,1,1.5,4
0,2,2.5,5
0,3,9.5,6
1,1,1.5,7
0,1,1.5,1
0,2,2.5,2
0,1,1.5,3
0,2,2.5,4
0,3,9.5,5
0,4,9.5,6
0,5,9.5,7
0,1,1.5,8
1,1,1.5,9
0,1,1.5,1
0,2,2.5,2
0,3,9.5,3
0,4,9.5,4
1,5,9.5,5
1,1,1.5,1
0,1,1.5,1
0,2,2.5,2
0,3,9.5,3
0,4,9.5,4
0,5,9.5,5
1,6,9.5,6
0,1,1.5,1
0,2,2.5,2
1,3,9.5,3
0,1,1.5,1
0,2,2.5,2
0,3,9.5,3
1,1,1.5,4
0,1,1.5,1
0,2,2.5,2
0,1,1.5,3
0,1,1.5,4
1,1,1.5,5
0,1,1.5,1
0,2,2.5,2
0,3,9.5,3
1,1,1.5,4
0,1,1.5,1
0,2,2.5,2
0,1,1.5,3
0,2,2.5,4
1,3,9.5,5
0,1,1.5,1
0,2,2.5,2
0,3,9.5,3
0,1,1.5,4
0,1,1.5,5
0,2,2.5,6
1,1,1.5,7
0,1,1.5,1
0,2,2.5,2
0,3,9.5,3
1,4,9.5,4
0,1,1.5,1
0,2,2.5,2
0,1,1.5,3
0,1,1.5,4
1,1,1.5,5
0,1,1.5,1
0,2,2.5,2
0,1,1.5,3
1,2,2.5,4
0,1,1.5,1
1,2,2.5,2
0,1,1.5,1
0,2,2.5,2
0,3,9.5,3
0,1,1.5,4
1,2,2.5,5
0,1,1.5,1
0,2,2.5,2
0,3,9.5,3
0,4,9.5,4
1,5,9.5,5
0,1,1.5,1
1,2,2.5,2
0,1,1.5,1
0,2,2.5,2
1,3,9.5,3
0,1,1.5,1
1,2,2.5,2
0,1,1.5,1
0,2,2.5,2
0,1,1.5,3
1,2,2.5,4
0,1,1.5,1
0,2,2.5,2
0,3,9.5,3
1,1,1.5,4
0,1,1.5,1
1,2,2.5,2
1,1,1.5,1
0,1,1.5,1
1,2,2.5,2
1,1,1.5,1
0,1,1.5,1
1,2,2.5,2
0,1,1.5,1
0,2,2.5,2
1,1,1.5,3
0,1,1.5,1
1,2,2.5,2
0,1,1.5,1
0,2,2.5,2
1,3,9.5,3
0,1,1.5,1
0,2,2.5,2
0,3,9.5,3
0,4,9.5,4
1,5,9.5,5
0,1,1.5,1
0,2,2.5,2
0,1,1.5,3
0,2,2.5,4
0,3,9.5,5
1,4,9.5,6
0,1,1.5,1
0,2,2.5,2
0,3,9.5,3
1,1,1.5,4
0,1,1.5,1
1,2,2.5,2
0,1,1.5,1
0,2,2.5,2
0,3,9.5,3
1,1,1.5,4
0,1,1.5,1
0,2,2.5,2
0,3,9.5,3
0,1,1.5,4
0,1,1.5,5
0,2,2.5,6
0,3,9.5,7
0,4,9.5,8
0,5,9.5,9
0,1,1.5,10
1,1,1.5,11
0,1,1.5,1
0,2,2.5,2
1,3,9.5,3
0,1,1.5,1
0,2,2.5,2
1,3,9.5,3
0,1,1.5,1
0,2,2.5,2
0,3,9.5,3
0,1,1.5,4
1,1,1.5,5
0,1,1.5,1
0,2,2.5,2
0,3,9.5,3
0,1,1.5,4
0,1,1.5,5
0,2,2.5,6
0,1,1.5,7
1,1,1.5,8
0,1,1.5,1
0,2,2.5,2
0,3,9.5,3
0,1,1.5,4
1,2,2.5,5
0,1,1.5,1
0,2,2.5,2
1,3,9.5,3
0,1,1.5,1
0,2,2.5,2
1,1,1.5,3
0,1,1.5,1
0,2,2.5,2
0,3,9.5,3
0,1,1.5,4
0,1,1.5,5
0,2,2.5,6
1,1,1.5,7
0,1,1.5,1
0,2,2.5,2
0,3,9.5,3
0,1,1.5,4
0,1,1.5,5
1,2,2.5,6
0,1,1.5,1
0,2,2.5,2
0,1,1.5,3
1,1,1.5,4
0,1,1.5,1
0,2,2.5,2
0,3,9.5,3
0,4,9.5,4
1,5,9.5,5
0,1,1.5,1
0,2,2.5,2
0,3,9.5,3
1,4,9.5,4
0,1,1.5,1
0,2,2.5,2
0,3,9.5,3
0,4,9.5,4
1,5,9.5,5
0,1,1.5,1
0,2,2.5,2
1,1,1.5,3
0,1,1.5,1
0,2,2.5,2
0,3,9.5,3
1,4,9.5,4
0,1,1.5,1
0,2,2.5,2
0,3,9.5,3
0,4,9.5,4
1,5,9.5,5
1,1,1.5,1
1,1,1.5,1
0,1,1.5,1
1,2,2.5,2
0,1,1.5,1
0,2,2.5,2
0,3,9.5,3
0,4,9.5,4
0,5,9.5,5
1,6,9.5,6
0,1,1.5,1
0,2,2.5,2
0,1,1.5,3
0,2,2.5,4
0,3,9.5,5
1,4,9.5,6
0,1,1.5,1
1,2,2.5,2
0,1,1.5,1
0,2,2.5,2
1,3,9.5,3
0,1,1.5,1
0,2,2.5,2
1,1,1.5,3
0,1,1.5,1
1,2,2.5,2
0,1,1.5,1
0,2,2.5,2
0,1,1.5,3
0,1,1.5,4
1,2,2.5,5
0,1,1.5,1
1,2,2.5,2
0,1,1.5,1
1,2,2.5,2
0,1,1.5,1
1,2,2.5,2
0,1,1.5,1
0,2,2.5,2
0,1,1.5,3
1,1,1.5,4
0,1,1.5,1
0,2,2.5,2
0,3,9.5,3
0,4,9.5,4
1,5,9.5,5
1,1,1.5,1
0,1,1.5,1
1,2,2.5,2
1,1,1.5,1
0,1,1.5,1
1,2,2.5,2
0,1,1.5,1
0,2,2.5,2
1,1,1.5,3
0,1,1.5,1
0,2,2.5,2
0,1,1.5,3
1,1,1.5,4
0,1,1.5,1
1,2,2.5,2
0,1,1.5,1
0,2,2.5,2
0,1,1.5,3
1,1,1.5,4
0,1,1.5,1
1,2,2.5,2
0,1,1.5,1
0,2,2.5,2
0,1,1.5,3
0,1,1.5,4
1,2,2.5,5
0,1,1.5,1
0,2,2.5,2
1,3,9.5,3
0,1,1.5,1
0,2,2.5,2
0,1,1.5,3
1,2,2.5,4
0,1,1.5,1
0,2,2.5,2
0,1,1.5,3
1,2,2.5,4
0,1,1.5,1
0,2,2.5,2
1,3,9.5,3
1,1,1.5,1
0,1,1.5,1
1,2,2.5,2
0,1,1.5,1
0,2,2.5,2
0,3,9.5,3
1,1,1.5,4
0,1,1.5,1
1,2,2.5,2
0,1,1.5,1
1,2,2.5,2
0,1,1.5,1
0,2,2.5,2
1,3,9.5,3
0,1,1.5,1
0,2,2.5,2
1,1,1.5,3
0,1,1.5,1
0,2,2.5,2
0,3,9.5,3
1,1,1.5,4
0,1,1.5,1
0,2,2.5,2
1,1,1.5,3
0,1,1.5,1
0,2,2.5,2
0,1,1.5,3
1,2,2.5,4
0,1,1.5,1
0,2,2.5,2
1,3,9.5,3
0,1,1.5,1
0,2,2.5,2
0,1,1.5,3
0,1,1.5,4
1,1,1.5,5
0,1,1.5,1
1,2,2.5,2
0,1,1.5,1
0,2,2.5,2
1,3,9.5,3
0,1,1.5,1
0,2,2.5,2
0,1,1.5,3
1,1,1.5,4
0,1,1.5,1
0,2,2.5,2
0,3,9.5,3
1,4,9.5,4
0,1,1.5,1
0,2,2.5,2
0,3,9.5,3
0,4,9.5,4
0,5,9.5,5
0,6,9.5,6
1,7,9.5,7
0,1,1.5,1
0,2,2.5,2
1,3,9.5,3
1,1,1.5,1
0,1,1.5,1
0,2,2.5,2
0,1,1.5,3
0,1,1.5,4
1,2,2.5,5
0,1,1.5,1
0,2,2.5,2
0,3,9.5,3
1,1,1.5,4
0,1,1.5,1
0,2,2.5,2
0,1,1.5,3
1,1,1.5,4
0,1,1.5,1
1,2,2.5,2
0,1,1.5,1
0,2,2.5,2
0,3,9.5,3
1,1,1.5,4
0,1,1.5,1
0,2,2.5,2
1,3,9.5,3
0,1,1.5,1
0,2,2.5,2
1,3,9.5,3
0,1,1.5,1
1,2,2.5,2
0,1,1.5,1
0,2,2.5,2
1,3,9.5,3
1,1,1.5,1
0,1,1.5,1
1,2,2.5,2
0,1,1.5,1
0,2,2.5,2
1,3,9.5,3
0,1,1.5,1
0,2,2.5,2
1,3,9.5,3
0,1,1.5,1
0,2,2.5,2
0,3,9.5,3
0,4,9.5,4
1,5,9.5,5
1,1,1.5,1
0,1,1.5,1
0,2,2.5,2
0,1,1.5,3
0,2,2.5,4
1,3,9.5,5
0,1,1.5,1
0,2,2.5,2
1,1,1.5,3
0,1,1.5,1
1,2,2.5,2
0,1,1.5,1
1,2,2.5,2
0,1,1.5,1
0,2,2.5,2
1,3,9.5,3
0,1,1.5,1
0,2,2.5,2
0,3,9.5,3
1,4,9.5,4
0,1,1.5,1
0,2,2.5,2
1,3,9.5,3
0,1,1.5,1
1,2,2.5,2
1,1,1.5,1
0,1,1.5,1
1,2,2.5,2
1,1,1.5,1
0,1,1.5,1
0,2,2.5,2
0,3,9.5,3
0,1,1.5,4
0,1,1.5,5
1,2,2.5,6
0,1,1.5,1
0,2,2.5,2
0,1,1.5,3
0,1,1.5,4
0,2,2.5,5
1,1,1.5,6
0,1,1.5,1
1,2,2.5,2
0,1,1.5,1
0,2,2.5,2
0,3,9.5,3
0,1,1.5,4
1,1,1.5,5
1,1,1.5,1
1,1,1.5,1
0,1,1.5,1
0,2,2.5,2
0,1,1.5,3
0,2,2.5,4
1,3,9.5,5
0,1,1.5,1
1,2,2.5,2
0,1,1.5,1
1,2,2.5,2
0,1,1.5,1
1,2,2.5,2
0,1,1.5,1
1,2,2.5,2
0,1,1.5,1
0,2,2.5,2
0,3,9.5,3
1,1,1.5,4
0,1,1.5,1
0,2,2.5,2
0,1,1.5,3
0,1,1.5,4
1,1,1.5,5
0,1,1.5,1
1,2,2.5,2
0,1,1.5,1
0,2,2.5,2
0,3,9.5,3
1,1,1.5,4
0,1,1.5,1
0,2,2.5,2
1,1,1.5,3
0,1,1.5,1
0,2,2.5,2
0,1,1.5,3
0,1,1.5,4
0,1,1.5,5
0,1,1.5,6
1,2,2.5,7
0,1,1.5,1
0,2,2.5,2
0,3,9.5,3
1,4,9.5,4
0,1,1.5,1
0,2,2.5,2
1,1,1.5,3
0,1,1.5,1
1,2,2.5,2
0,1,1.5,1
0,2,2.5,2
0,1,1.5,3
0,1,1.5,4
1,1,1.5,5
0,1,1.5,1
1,2,2.5,2
0,1,1.5,1
1,2,2.5,2
0,1,1.5,1
0,2,2.5,2
1,3,9.5,3
0,1,1.5,1
0,2,2.5,2
1,1,1.5,3
1,1,1.5,1
0,1,1.5,1
0,2,2.5,2
0,3,9.5,3
0,1,1.5,4
0,2,2.5,5
0,1,1.5,6
0,1,1.5,7
0,2,2.5,8
0,1,1.5,9
0,1,1.5,10
0,2,2.5,11
0,3,9.5,12
0,1,1.5,13
0,1,1.5,14
0,2,2.5,15
0,3,9.5,16
0,1,1.5,17
0,1,1.5,18
0,2,2.5,19
0,3,9.5,20
1,1,1.5,21
0,1,1.5,1
0,2,2.5,2
0,3,9.5,3
0,4,9.5,4
0,5,9.5,5
0,6,9.5,6
0,7,9.5,7
0,8,9.5,8
0,9,9.5,9
0,10,9.5,10
0,11,9.5,11
0,12,9.5,12
1,13,9.5,13
0,1,1.5,1
0,2,2.5,2
0,3,9.5,3
0,1,1.5,4
0,1,1.5,5
0,2,2.5,6
0,1,1.5,7
0,1,1.5,8
0,2,2.5,9
0,3,9.5,10
0,1,1.5,11
0,1,1.5,12
0,1,1.5,13
0,1,1.5,14
0,2,2.5,15
0,1,1.5,16
1,1,1.5,17
0,1,1.5,1
0,2,2.5,2
0,3,9.5,3
0,4,9.5,4
0,5,9.5,5
1,6,9.5,6
0,1,1.5,1
0,2,2.5,2
0,1,1.5,3
0,1,1.5,4
0,1,1.5,5
0,1,1.5,6
0,1,1.5,7
0,2,2.5,8
0,1,1.5,9
0,2,2.5,10
0,1,1.5,11
0,1,1.5,12
0,1,1.5,13
0,1,1.5,14
0,2,2.5,15
0,1,1.5,16
0,1,1.5,17
0,2,2.5,18
0,3,9.5,19
0,1,1.5,20
0,1,1.5,21
0,1,1.5,22
0,1,1.5,23
0,1,1.5,24
1,1,1.5,25
0,1,1.5,1
0,2,2.5,2
1,3,9.5,3
0,1,1.5,1
0,2,2.5,2
0,3,9.5,3
0,1,1.5,4
0,1,1.5,5
0,2,2.5,6
0,1,1.5,7
0,1,1.5,8
1,2,2.5,9
0,1,1.5,1
0,2,2.5,2
0,3,9.5,3
0,4,9.5,4
0,5,9.5,5
1,6,9.5,6
0,1,1.5,1
0,2,2.5,2
0,1,1.5,3
0,2,2.5,4
0,3,9.5,5
0,4,9.5,6
0,5,9.5,7
0,6,9.5,8
0,7,9.5,9
0,8,9.5,10
1,1,1.5,11
0,1,1.5,1
0,2,2.5,2
0,3,9.5,3
0,1,1.5,4
0,2,2.5,5
0,1,1.5,6
0,2,2.5,7
0,3,9.5,8
0,1,1.5,9
0,1,1.5,10
0,2,2.5,11
0,3,9.5,12
0,4,9.5,13
0,5,9.5,14
0,6,9.5,15
0,7,9.5,16
1,8,9.5,17
0,1,1.5,1
0,2,2.5,2
0,3,9.5,3
0,4,9.5,4
0,5,9.5,5
0,6,9.5,6
0,7,9.5,7
1,8,9.5,8
0,1,1.5,1
0,2,2.5,2
0,1,1.5,3
0,1,1.5,4
0,2,2.5,5
0,3,9.5,6
0,1,1.5,7
0,1,1.5,8
0,2,2.5,9
0,3,9.5,10
0,4,9.5,11
0,1,1.5,12
0,1,1.5,13
1,2,2.5,14
0,1,1.5,1
0,2,2.5,2
0,3,9.5,3
1,4,9.5,4
0,1,1.5,1
0,2,2.5,2
0,1,1.5,3
0,1,1.5,4
0,1,1.5,5
1,1,1.5,6
0,1,1.5,1
0,2,2.5,2
0,3,9.5,3
0,4,9.5,4
0,5,9.5,5
0,6,9.5,6
0,7,9.5,7
1,8,9.5,8
0,1,1.5,1
0,2,2.5,2
0,3,9.5,3
0,1,1.5,4
0,2,2.5,5
1,1,1.5,6
0,1,1.5,1
0,2,2.5,2
0,3,9.5,3
1,4,9.5,4
0,1,1.5,1
0,2,2.5,2
0,1,1.5,3
0,1,1.5,4
0,1,1.5,5
0,1,1.5,6
0,2,2.5,7
0,3,9.5,8
0,4,9.5,9
1,5,9.5,10
0,1,1.5,1
0,2,2.5,2
0,1,1.5,3
0,1,1.5,4
0,2,2.5,5
0,1,1.5,6
0,2,2.5,7
0,1,1.5,8
0,1,1.5,9
0,2,2.5,10
0,3,9.5,11
0,4,9.5,12
1,5,9.5,13
0,1,1.5,1
0,2,2.5,2
0,1,1.5,3
1,2,2.5,4
0,1,1.5,1
0,2,2.5,2
0,3,9.5,3
1,4,9.5,4
0,1,1.5,1
0,2,2.5,2
1,3,9.5,3
0,1,1.5,1
0,2,2.5,2
0,1,1.5,3
0,1,1.5,4
0,1,1.5,5
0,1,1.5,6
0,2,2.5,7
0,1,1.5,8
0,1,1.5,9
0,2,2.5,10
1,1,1.5,11
0,1,1.5,1
0,2,2.5,2
0,3,9.5,3
0,4,9.5,4
0,5,9.5,5
0,6,9.5,6
1,7,9.5,7
0,1,1.5,1
0,2,2.5,2
0,3,9.5,3
0,1,1.5,4
0,2,2.5,5
0,1,1.5,6
0,1,1.5,7
0,2,2.5,8
1,1,1.5,9
0,1,1.5,1
0,2,2.5,2
0,3,9.5,3
0,1,1.5,4
0,1,1.5,5
0,2,2.5,6
0,3,9.5,7
0,4,9.5,8
0,5,9.5,9
0,1,1.5,10
0,1,1.5,11
0,2,2.5,12
0,3,9.5,13
1,4,9.5,14
0,1,1.5,1
0,2,2.5,2
0,3,9.5,3
0,1,1.5,4
0,1,1.5,5
0,2,2.5,6
1,1,1.5,7
0,1,1.5,1
0,2,2.5,2
0,1,1.5,3
0,1,1.5,4
0,1,1.5,5
0,1,1.5,6
1,1,1.5,7
0,1,1.5,1
0,2,2.5,2
0,3,9.5,3
0,1,1.5,4
0,1,1.5,5
0,2,2.5,6
0,3,9.5,7
0,1,1.5,8
0,1,1.5,9
0,1,1.5,10
1,1,1.5,11
0,1,1.5,1
0,2,2.5,2
0,1,1.5,3
0,2,2.5,4
0,3,9.5,5
1,4,9.5,6
0,1,1.5,1
0,2,2.5,2
0,3,9.5,3
0,1,1.5,4
1,1,1.5,5
0,1,1.5,1
0,2,2.5,2
1,3,9.5,3
0,1,1.5,1
0,2,2.5,2
0,3,9.5,3
0,4,9.5,4
1,5,9.5,5
0,1,1.5,1
0,2,2.5,2
0,1,1.5,3
0,2,2.5,4
0,3,9.5,5
0,4,9.5,6
0,5,9.5,7
0,1,1.5,8
0,1,1.5,9
0,2,2.5,10
0,1,1.5,11
0,1,1.5,12
0,2,2.5,13
1,1,1.5,14
0,1,1.5,1
0,2,2.5,2
0,3,9.5,3
0,4,9.5,4
0,5,9.5,5
0,6,9.5,6
0,7,9.5,7
1,8,9.5,8
0,1,1.5,1
0,2,2.5,2
0,1,1.5,3
0,1,1.5,4
0,1,1.5,5
0,1,1.5,6
0,2,2.5,7
1,1,1.5,8
0,1,1.5,1
0,2,2.5,2
0,3,9.5,3
0,4,9.5,4
0,5,9.5,5
0,6,9.5,6
0,7,9.5,7
1,8,9.5,8
0,1,1.5,1
0,2,2.5,2
0,1,1.5,3
0,1,1.5,4
0,1,1.5,5
0,1,1.5,6
0,1,1.5,7
0,1,1.5,8
1,1,1.5,9
0,1,1.5,1
0,2,2.5,2
0,1,1.5,3
0,1,1.5,4
0,1,1.5,5
0,1,1.5,6
0,2,2.5,7
0,1,1.5,8
0,1,1.5,9
1,2,2.5,10
0,1,1.5,1
0,2,2.5,2
0,1,1.5,3
0,2,2.5,4
1,3,9.5,5
0,1,1.5,1
0,2,2.5,2
0,3,9.5,3
0,1,1.5,4
0,2,2.5,5
0,1,1.5,6
1,2,2.5,7
0,1,1.5,1
0,2,2.5,2
1,3,9.5,3
0,1,1.5,1
0,2,2.5,2
0,1,1.5,3
0,1,1.5,4
0,2,2.5,5
0,3,9.5,6
0,1,1.5,7
0,1,1.5,8
1,2,2.5,9
0,1,1.5,1
0,2,2.5,2
0,3,9.5,3
0,1,1.5,4
0,1,1.5,5
0,2,2.5,6
1,3,9.5,7
0,1,1.5,1
0,2,2.5,2
1,3,9.5,3
0,1,1.5,1
0,2,2.5,2
0,3,9.5,3
0,1,1.5,4
0,2,2.5,5
1,1,1.5,6
0,1,1.5,1
0,2,2.5,2
0,3,9.5,3
0,4,9.5,4
1,5,9.5,5
0,1,1.5,1
0,2,2.5,2
0,3,9.5,3
0,1,1.5,4
0,1,1.5,5
0,2,2.5,6
1,3,9.5,7
0,1,1.5,1
0,2,2.5,2
1,3,9.5,3
0,1,1.5,1
0,2,2.5,2
0,3,9.5,3
0,1,1.5,4
0,2,2.5,5
0,1,1.5,6
1,1,1.5,7
0,1,1.5,1
0,2,2.5,2
0,1,1.5,3
0,1,1.5,4
0,2,2.5,5
0,1,1.5,6
1,2,2.5,7
0,1,1.5,1
0,2,2.5,2
0,1,1.5,3
0,1,1.5,4
0,2,2.5,5
0,1,1.5,6
0,1,1.5,7
1,2,2.5,8
0,1,1.5,1
0,2,2.5,2
0,3,9.5,3
0,1,1.5,4
0,1,1.5,5
0,2,2.5,6
0,1,1.5,7
0,1,1.5,8
0,1,1.5,9
0,1,1.5,10
0,2,2.5,11
0,1,1.5,12
0,1,1.5,13
0,2,2.5,14
0,3,9.5,15
0,4,9.5,16
0,5,9.5,17
0,6,9.5,18
0,1,1.5,19
1,1,1.5,20
0,1,1.5,1
0,2,2.5,2
1,3,9.5,3
0,1,1.5,1
0,2,2.5,2
0,1,1.5,3
0,1,1.5,4
0,1,1.5,5
0,1,1.5,6
0,2,2.5,7
0,3,9.5,8
0,4,9.5,9
0,5,9.5,10
0,6,9.5,11
0,1,1.5,12
1,2,2.5,13
0,1,1.5,1
0,2,2.5,2
0,3,9.5,3
1,4,9.5,4
0,1,1.5,1
0,2,2.5,2
0,3,9.5,3
0,1,1.5,4
0,2,2.5,5
0,1,1.5,6
0,1,1.5,7
0,2,2.5,8
1,1,1.5,9
0,1,1.5,1
0,2,2.5,2
0,3,9.5,3
0,4,9.5,4
0,5,9.5,5
1,6,9.5,6
0,1,1.5,1
0,2,2.5,2
0,3,9.5,3
1,4,9.5,4
0,1,1.5,1
0,2,2.5,2
0,3,9.5,3
1,4,9.5,4
0,1,1.5,1
0,2,2.5,2
0,1,1.5,3
0,2,2.5,4
0,3,9.5,5
0,4,9.5,6
0,5,9.5,7
0,6,9.5,8
1,7,9.5,9
0,1,1.5,1
0,2,2.5,2
0,3,9.5,3
0,1,1.5,4
1,1,1.5,5
0,1,1.5,1
0,2,2.5,2
0,1,1.5,3
0,2,2.5,4
0,3,9.5,5
0,4,9.5,6
0,5,9.5,7
0,6,9.5,8
0,7,9.5,9
0,8,9.5,10
1,9,9.5,11
0,1,1.5,1
0,2,2.5,2
0,1,1.5,3
0,1,1.5,4
0,1,1.5,5
0,1,1.5,6
1,1,1.5,7
0,1,1.5,1
0,2,2.5,2
0,3,9.5,3
1,4,9.5,4
0,1,1.5,1
0,2,2.5,2
0,3,9.5,3
0,1,1.5,4
0,1,1.5,5
0,2,2.5,6
0,1,1.5,7
0,1,1.5,8
0,2,2.5,9
0,3,9.5,10
0,4,9.5,11
1,5,9.5,12
0,1,1.5,1
0,2,2.5,2
0,3,9.5,3
1,4,9.5,4
0,1,1.5,1
0,2,2.5,2
0,1,1.5,3
0,2,2.5,4
0,3,9.5,5
0,4,9.5,6
0,5,9.5,7
0,1,1.5,8
0,1,1.5,9
1,2,2.5,10
0,1,1.5,1
0,2,2.5,2
0,3,9.5,3
0,4,9.5,4
0,5,9.5,5
0,6,9.5,6
0,7,9.5,7
0,8,9.5,8
0,9,9.5,9
0,10,9.5,10
1,11,9.5,11
0,1,1.5,1
0,2,2.5,2
1,3,9.5,3
0,1,1.5,1
0,2,2.5,2
0,3,9.5,3
0,4,9.5,4
1,5,9.5,5
0,1,1.5,1
0,2,2.5,2
0,3,9.5,3
0,1,1.5,4
0,1,1.5,5
0,2,2.5,6
0,3,9.5,7
0,4,9.5,8
1,1,1.5,9
0,1,1.5,1
0,2,2.5,2
1,3,9.5,3
0,1,1.5,1
0,2,2.5,2
0,1,1.5,3
0,1,1.5,4
0,1,1.5,5
0,1,1.5,6
1,2,2.5,7
1,1,1.5,1
0,1,1.5,1
0,2,2.5,2
0,3,9.5,3
0,1,1.5,4
0,1,1.5,5
0,2,2.5,6
0,1,1.5,7
0,1,1.5,8
0,2,2.5,9
0,3,9.5,10
0,4,9.5,11
0,5,9.5,12
1,6,9.5,13
1,1,1.5,1
0,1,1.5,1
0,2,2.5,2
0,3,9.5,3
1,4,9.5,4
0,1,1.5,1
0,2,2.5,2
0,3,9.5,3
0,1,1.5,4
0,1,1.5,5
0,2,2.5,6
0,3,9.5,7
0,1,1.5,8
0,1,1.5,9
0,1,1.5,10
0,1,1.5,11
0,1,1.5,12
1,1,1.5,13
0,1,1.5,1
0,2,2.5,2
0,1,1.5,3
0,2,2.5,4
1,3,9.5,5
0,1,1.5,1
0,2,2.5,2
0,3,9.5,3
0,1,1.5,4
0,2,2.5,5
0,1,1.5,6
0,1,1.5,7
0,2,2.5,8
0,1,1.5,9
0,1,1.5,10
0,2,2.5,11
0,3,9.5,12
0,1,1.5,13
0,1,1.5,14
0,2,2.5,15
0,3,9.5,16
0,1,1.5,17
0,1,1.5,18
0,2,2.5,19
0,1,1.5,20
0,2,2.5,21
0,1,1.5,22
1,1,1.5,23
0,1,1.5,1
0,2,2.5,2
0,3,9.5,3
0,1,1.5,4
0,1,1.5,5
0,2,2.5,6
0,3,9.5,7
0,4,9.5,8
0,1,1.5,9
0,2,2.5,10
1,1,1.5,11
1,1,1.5,1
1,1,1.5,1
0,1,1.5,1
1,2,2.5,2
0,1,1.5,1
0,2,2.5,2
0,3,9.5,3
0,4,9.5,4
0,5,9.5,5
0,6,9.5,6
0,7,9.5,7
0,8,9.5,8
1,9,9.5,9
0,1,1.5,1
0,2,2.5,2
0,1,1.5,3
1,2,2.5,4
0,1,1.5,1
0,2,2.5,2
1,3,9.5,3
0,1,1.5,1
0,2,2.5,2
1,3,9.5,3
1,1,1.5,1
0,1,1.5,1
0,2,2.5,2
0,3,9.5,3
0,4,9.5,4
0,5,9.5,5
0,6,9.5,6
1,7,9.5,7
0,1,1.5,1
0,2,2.5,2
0,3,9.5,3
1,4,9.5,4
0,1,1.5,1
0,2,2.5,2
1,1,1.5,3
0,1,1.5,1
0,2,2.5,2
1,3,9.5,3
0,1,1.5,1
0,2,2.5,2
0,3,9.5,3
0,1,1.5,4
0,1,1.5,5
1,2,2.5,6
0,1,1.5,1
0,2,2.5,2
0,1,1.5,3
0,2,2.5,4
1,3,9.5,5
0,1,1.5,1
0,2,2.5,2
0,3,9.5,3
0,1,1.5,4
0,2,2.5,5
1,1,1.5,6
0,1,1.5,1
0,2,2.5,2
0,1,1.5,3
0,1,1.5,4
1,1,1.5,5
0,1,1.5,1
0,2,2.5,2
0,3,9.5,3
1,4,9.5,4
